<annotation>
  <folder>GeneratedData_Train</folder>
  <filename>03.png</filename>
  <source>
    <database>3</database>
  </source>
  <size>
    <width>800</width>
    <height>1018</height>
    <depth>Unknown</depth>
  </size>
  <segmented>0</segmented>
  <object>
    <name>Person</name>
    <pose>Unknown</pose>
    <truncated>0</truncated>
    <difficult>0</difficult>
    <occluded>0</occluded>
    <bndbox>
      <xmin>124.9415041782729</xmin>
      <xmax>666.551532033426</xmax>
      <ymin>267.9693593314763</ymin>
      <ymax>694.7353760445682</ymax>
    </bndbox>
  </object>
</annotation>