<annotation>
  <folder>GeneratedData_Train</folder>
  <filename>05.jpg</filename>
  <source>
    <database>3</database>
  </source>
  <size>
    <width>1300</width>
    <height>1040</height>
    <depth>Unknown</depth>
  </size>
  <segmented>0</segmented>
  <object>
    <name>Person</name>
    <pose>Unknown</pose>
    <truncated>0</truncated>
    <difficult>0</difficult>
    <occluded>0</occluded>
    <bndbox>
      <xmin>224.15041782729804</xmin>
      <xmax>1100.4735376044566</xmax>
      <ymin>123.11977715877444</ymin>
      <ymax>772.033426183844</ymax>
    </bndbox>
  </object>
</annotation>