NetworkID,NetworkType,AreaType,UptimePercentage,Outages,AverageRestorationTime,DataTraffic,CustomerComplaints,ChurnRate
1,5G,Suburban,96.61212854303918,6,41.20914274665508,4.665344026632512,9.387871456960823,3.4422195342189688
2,4G,Urban,96.51990156689521,2,88.3498726369196,0.038834956861733196,5.480098433104786,2.0093694254717547
3,4G,Rural,99.41998385549806,4,13.32316546120309,14.672867325164434,4.58001614450194,1.6793392529840447
4,5G,Urban,98.8426174828929,7,3.837458750979069,17.796570944383195,8.157382517107095,2.9910402562726013
5,5G,Suburban,99.46423478448992,4,21.541553862052012,13.19456375169365,4.535765215510082,1.6631139123536969
6,4G,Suburban,96.18137803469617,5,116.58878959054205,13.521948430999842,8.818621965303834,3.2334947206114055
7,4G,Rural,97.92582710424217,7,119.1611327216179,9.117264311388096,9.074172895757826,3.327196728444536
8,4G,Suburban,97.73514649618747,6,90.77673869022954,16.488010810024868,8.264853503812532,3.0304462847312617
9,4G,Urban,96.49407685063895,3,12.941759725186111,5.284129455909001,6.5059231493610525,2.385505154765719
10,4G,Suburban,95.56866295185515,1,19.18621888640404,3.905241700992036,5.431337048144854,1.9914902509864465
11,4G,Suburban,98.26365196589052,0,67.44995986929374,6.661937376252367,1.7363480341094828,0.6366609458401437
12,5G,Rural,95.70485859532167,8,22.967147124256236,34.993709721974376,12.295141404678333,4.508218515048722
13,5G,Suburban,96.28170051799566,4,37.772479218959916,8.837812300508023,7.7182994820043405,2.8300431434015914
14,5G,Urban,96.06716048612348,3,37.70355175465646,4.134084396419757,6.932839513876516,2.542041155088056
15,4G,Suburban,97.21692331896554,12,49.21596464476867,18.559210596984503,14.783076681034458,5.4204614497126355
16,4G,Urban,97.23366110409624,10,62.38175524263363,2.3461691132434908,12.766338895903758,4.680990928498044
17,5G,Rural,97.30378500570095,1,88.12054637316585,8.560488675978634,3.696214994299055,1.3552788312429869
18,4G,Urban,95.38905017285299,6,89.28579645920823,1.601803440271036,10.61094982714701,3.8906816032872373
19,4G,Urban,95.9965451722253,6,21.37110798464625,5.452742743123481,10.003454827774704,3.6679334368507246
20,4G,Suburban,97.76053204493205,5,100.1457228540662,5.080715405835159,7.239467955067951,2.6544715835249155
21,4G,Suburban,95.56736837007689,2,36.020941247060954,3.1604434848837117,6.432631629923108,2.358631597638473
22,4G,Rural,99.15987608257909,5,12.920090621485832,13.745180209742733,5.840123917420911,2.1413787697210007
23,5G,Urban,98.5958822794858,7,84.18957712543937,3.6480371161292084,8.404117720514193,3.0815098308552042
24,5G,Urban,97.43302248803738,4,14.056548675354675,13.109694622601097,6.5669775119626195,2.4078917543862937
25,4G,Urban,96.68413649434432,7,63.16855626169926,0.5224645949916805,10.315863505655685,3.7824832854070842
26,4G,Urban,97.59653794117439,5,45.06298981737803,0.8130027770107853,7.40346205882561,2.714602754902724
27,5G,Suburban,95.34158343515983,6,12.077779991654639,11.267123909582894,10.658416564840167,3.9080860737747276
28,4G,Urban,96.27922735725964,10,32.672592960967904,4.307158589304998,13.720772642740357,5.030949969004798
29,5G,Suburban,95.314394867012,11,92.51447386426608,2.7357439724289057,15.685605132988002,5.751388548762267
30,5G,Suburban,97.54864045750264,7,48.563192203227324,0.6222572210617442,9.451359542497357,3.465498498915698
31,5G,Rural,96.78183889580082,2,33.82465196439781,0.5684049197679749,5.218161104199183,1.9133257382063669
32,4G,Urban,99.24896841591026,6,64.57438103256573,1.5005828544705,6.751031584089745,2.4753782474995734
33,4G,Rural,96.91217785649906,3,13.479302741619785,11.544045991387964,6.087822143500944,2.2322014526170126
34,5G,Suburban,98.26004274875976,1,17.59601134711037,13.942725052055948,2.7399572512402415,1.004650992121422
35,4G,Urban,98.87940087513904,6,16.34746382887405,0.8019632793719361,7.120599124860959,2.6108863457823515
36,4G,Urban,99.75534723419378,6,10.241681116504767,10.372477009553958,6.244652765806222,2.289706014128948
37,5G,Suburban,96.19524847186139,4,74.9587216986419,13.604433097090906,7.80475152813861,2.861742226984157
38,4G,Suburban,99.30613553074711,4,85.21584476885423,19.328158903795934,4.693864469252887,1.7210836387260586
39,4G,Urban,97.97649751124858,4,44.59017925815322,2.975392401374642,6.023502488751419,2.2086175792088536
40,4G,Urban,95.23296532796229,7,7.886533780337366,2.432944434385248,11.76703467203771,4.31457937974716
41,4G,Urban,98.28935967369623,2,124.32924501383536,0.506145430145846,3.710640326303775,1.3605681196447172
42,4G,Urban,96.93290959126398,3,51.06572846827665,18.851453242224927,6.067090408736021,2.224599816536541
43,4G,Rural,98.73381928603006,8,36.6604763369905,19.198518589800095,9.266180713969945,3.3975995951223132
44,4G,Urban,98.18016927261375,4,80.04864835406539,2.6935914992660996,5.819830727386247,2.1339379333749573
45,5G,Urban,96.57296364685487,5,34.9352420264794,19.580755312881323,8.427036353145127,3.089913329486546
46,4G,Rural,96.8991213327938,8,29.74081826845105,1.9021198380737034,11.100878667206203,4.070322177975608
47,5G,Urban,96.82475985124785,9,73.99379628980425,12.449860734662636,12.175240148752152,4.464254721209122
48,4G,Urban,98.0278057578841,6,31.464647335708634,3.892078836031752,7.972194242115904,2.9231378887758317
49,4G,Suburban,98.98738852943656,4,12.376805321805582,8.674496841020133,5.012611470563442,1.8379575392065954
50,4G,Suburban,99.1146750395439,8,45.03687195637838,4.984905121213081,8.885324960456103,3.257952485500571
51,5G,Urban,96.96624817765309,11,48.9056734325283,8.71168328721454,14.033751822346915,5.1457090015272025
52,5G,Rural,99.976604203341,6,36.567798441457555,6.648419642506501,6.023395796659003,2.2085784587749675
53,4G,Suburban,99.00813708987233,1,14.322617912323526,7.107100352754552,1.991862910127665,0.7303497337134771
54,5G,Rural,97.4399825693265,2,106.03321267802566,0.3002533015867356,4.560017430673497,1.672006391246949
55,4G,Urban,95.71192111447513,5,32.22009968875986,20.6225346974933,9.288078885524868,3.405628924692452
56,4G,Urban,99.58991228933462,4,45.81751426455776,15.774812327466739,4.41008771066538,1.617032160577306
57,4G,Urban,96.27446121057355,7,66.92845794742604,0.07006446609776515,10.725538789426452,3.9326975561230326
58,4G,Urban,97.53529177472103,6,50.81626915404391,19.194040473675514,8.464708225278969,3.103726349268955
59,5G,Suburban,96.81242209333718,3,54.06006180024766,1.6526839133362787,6.187577906662824,2.2687785657763686
60,4G,Urban,97.50801595097148,9,93.37549507480487,3.0862861535005153,11.491984049028517,4.2137274846437895
61,5G,Suburban,99.99814909424715,5,88.08485792617583,1.1439495498123677,5.001850905752846,1.8340119987760435
62,4G,Suburban,97.16919016264515,2,22.665081562728037,27.45371285137711,4.830809837354849,1.7712969403634446
63,5G,Rural,97.64109513619869,12,41.025529182229704,0.8791538376061157,14.358904863801314,5.264931783393815
64,5G,Urban,99.80667697261802,5,55.20466828112549,1.6026393040749454,5.193323027381979,1.9042184433733922
65,4G,Urban,95.0151339211875,7,163.1253884469613,3.699767371000709,11.984866078812502,4.394450895564584
66,4G,Suburban,95.5791084895647,3,105.55942862542658,4.084542156900407,7.420891510435297,2.7209935538262755
67,5G,Urban,95.79931672092042,6,62.86202773501428,9.107900610078172,10.200683279079584,3.7402505356625144
68,4G,Urban,97.94863323441936,3,46.72566596535945,3.1596023966701763,5.051366765580639,1.8521678140462343
69,5G,Urban,99.75133698723731,4,59.286238938600235,7.68158125622201,4.248663012762691,1.5578431046796535
70,4G,Suburban,96.83947508462639,3,19.814902893756752,18.50175517966514,6.160524915373614,2.258859135636992
71,4G,Rural,98.74368954145531,0,82.00203229772123,7.518623734406829,1.2563104585446894,0.4606471681330528
72,4G,Suburban,95.53231600397577,7,56.534607114452356,20.840586879162256,11.467683996024235,4.204817465208886
73,4G,Urban,99.82127086628859,6,50.74340038794113,24.155977522053167,6.178729133711414,2.265534015694185
74,5G,Suburban,96.42978944482577,4,106.42730448651912,9.244864615325355,7.570210555174228,2.7757438702305506
75,5G,Urban,98.2081882941127,6,56.37159385511844,3.866988914374509,7.791811705887298,2.8569976254920095
76,5G,Suburban,96.9241778603187,6,69.61740390193864,2.734720065117005,9.075822139681307,3.327801451216479
77,4G,Urban,97.85196254239357,8,166.516843691678,14.149248704097053,10.148037457606435,3.720947067789026
78,4G,Rural,99.29745392279492,8,46.97347905964408,1.1562651255220886,8.702546077205085,3.1909335616418644
79,5G,Urban,95.49752860758147,4,38.43021432253144,0.38058678897938986,8.502471392418528,3.117572843886794
80,4G,Urban,96.63182117848429,0,39.08634057110331,3.516233444162638,3.3681788215157127,1.234998901222428
81,4G,Urban,97.9947249435573,5,38.92342254594224,0.6493372934872168,7.005275056442699,2.5686008540289893
82,4G,Suburban,95.21726149514255,6,54.20857144829203,8.970442688254023,10.782738504857448,3.9536707851143977
83,5G,Suburban,97.79743669451048,6,61.266726284170375,3.9794118559348473,8.20256330548952,3.007606545346157
84,5G,Urban,95.51487604318726,4,158.3689018564662,1.2164696097310348,8.485123956812743,3.1112121174980056
85,5G,Suburban,95.37786578788564,10,10.185963772048368,0.7235555871946369,14.62213421211436,5.361449211108599
86,5G,Urban,99.29871168038326,1,35.73547883433897,22.45579510414378,1.7012883196167365,0.6238057171928034
87,4G,Rural,97.95354588315189,5,43.20219942173965,0.7934678028356191,7.0464541168481105,2.583699842844307
88,4G,Urban,96.80379513184295,3,97.60889659542408,0.9866106215223335,6.196204868157054,2.27194178499092
89,5G,Rural,99.43491272637057,6,53.714587351024846,30.26035447919513,6.56508727362943,2.407198666997458
90,4G,Suburban,99.44753652294132,8,26.499224050451716,6.2523020137253,8.55246347705868,3.135903274921516
91,4G,Urban,97.86933955478698,5,20.338992717475204,0.7021230801170608,7.1306604452130244,2.614575496578109
92,5G,Suburban,97.12353792581143,3,65.90018935488182,0.4540939331554106,5.8764620741885665,2.1547027605358076
93,4G,Urban,99.4229968980602,2,57.15796313769992,15.435020071245427,2.5770031019397948,0.9449011373779248
94,4G,Rural,98.00516451774303,7,52.40079040225733,0.7021531472051329,8.994835482256974,3.298106343494224
95,5G,Suburban,99.6277752279363,5,34.390602101451236,33.56789086474191,5.372224772063703,1.969815749756691
96,4G,Urban,97.19433373864169,6,21.788909912248613,12.090468853634963,8.805666261358311,3.228744295831381
97,4G,Suburban,99.98522107696867,3,49.45231316333333,4.801183690400399,3.0147789230313293,1.1054189384448208
98,4G,Urban,96.02841002077919,1,23.151175786323154,2.736697720205257,4.971589979220809,1.8229163257142966
99,5G,Suburban,95.14511186450963,1,32.314584116412426,12.754488534393879,5.85488813549037,2.146792316346469
100,4G,Urban,98.8379371651427,2,103.28074774335592,29.643202288644787,3.162062834857295,1.1594230394476748
101,5G,Rural,98.71501867058342,10,48.62548961477129,21.97621170763842,11.284981329416581,4.137826487452746
102,4G,Urban,98.8633111070458,5,45.55441333579745,4.234383271571593,6.136688892954197,2.2501192607498726
103,4G,Urban,99.0993808659845,9,40.06383913063356,12.315779450325849,9.9006191340155,3.6302270158056835
104,4G,Suburban,95.45618961141076,5,29.232046184113347,0.47221293071600995,9.543810388589236,3.4993971424827195
105,5G,Urban,96.91379124663756,6,50.78607341258888,17.50105072508113,9.086208753362442,3.331609876232895
106,4G,Rural,96.48124051074288,4,28.771871240994784,9.976072807621923,7.518759489257121,2.7568784793942775
107,5G,Rural,96.27995576833442,7,111.99165614378413,14.162257254861482,10.720044231665582,3.9306828849440465
108,4G,Urban,96.6030012052343,5,199.23527903583224,20.948046295910466,8.396998794765693,3.0788995580807543
109,5G,Urban,96.54136737996463,4,13.567264798548454,2.217768191314144,7.458632620035374,2.734831960679637
110,4G,Suburban,95.58086034559328,3,61.82017264973084,25.7740919840231,7.41913965440672,2.7203512066157973
111,4G,Rural,95.49792438195131,3,65.35246849792283,5.922719704519607,7.502075618048693,2.7507610599511874
112,4G,Urban,98.28011998882889,3,51.53657391697685,6.373183148129785,4.719880011171114,1.7306226707627417
113,5G,Suburban,99.47512030481624,10,89.9481194113859,2.9924022774620127,10.524879695183756,3.859122554900711
114,4G,Rural,98.40241372865842,3,135.38726346771563,7.240615124682526,4.597586271341584,1.6857816328252475
115,5G,Suburban,96.30837040485898,9,50.97956326017131,1.172390823595875,12.691629595141023,4.653597518218375
116,5G,Urban,98.284316302596,3,60.975483144115294,0.5662308355677093,4.715683697404003,1.7290840223814679
117,4G,Urban,95.66284019176997,2,46.76808435041829,13.9259915663151,6.337159808230027,2.3236252630176764
118,5G,Urban,99.84565128725063,3,80.70795283466606,21.314392749179195,3.1543487127493677,1.1565945280081016
119,4G,Rural,95.81947602369135,8,72.82650494671823,18.465362145210136,12.180523976308649,4.466192124646505
120,4G,Urban,97.86671006310175,3,115.16895250378647,5.711230764477241,5.133289936898251,1.8822063101960254
121,4G,Rural,98.38740068580553,3,68.30803003485583,8.759799717847692,4.612599314194469,1.6912864152046385
122,5G,Suburban,99.97384949123803,4,11.55154944730723,19.717082696802905,4.0261505087619724,1.4762551865460567
123,4G,Urban,97.63642679592613,8,39.85332190336035,3.4182836966010406,10.363573204073873,3.7999768414937534
124,4G,Urban,98.72215212725423,7,46.457085603105526,0.09928248881867573,8.277847872745767,3.035210886673448
125,4G,Suburban,95.01626721302864,4,144.82952030078224,4.075229518590643,8.983732786971359,3.2940353552228316
126,5G,Urban,98.84112531216805,4,32.00908296048884,4.499870909136229,5.158874687831954,1.8915873855383831
127,4G,Urban,97.29324686301551,4,113.96748034249558,2.288174183139126,6.706753136984489,2.4591428168943126
128,5G,Urban,99.53496386973194,1,17.532804806784043,12.694833143027806,1.4650361302680608,0.5371799144316223
129,4G,Suburban,96.04262033703884,7,121.06456891450694,12.389185140496046,10.95737966296116,4.017705876419092
130,4G,Rural,96.98760350818056,8,56.30088047849661,1.5573663448097932,11.012396491819445,4.03787871366713
131,4G,Rural,95.41849693800731,3,161.00727184921712,2.8016806911582828,7.5815030619926915,2.779884456063987
132,4G,Suburban,99.77831287141261,3,72.13759675729627,7.244490366236402,3.2216871285873907,1.1812852804820433
133,5G,Rural,95.40106818703374,4,32.046999479221945,42.025446728907184,8.598931812966256,3.152941664754294
134,4G,Suburban,98.39666754625172,5,29.867570604945676,1.0211189469762514,6.60333245374828,2.4212218997077026
135,5G,Rural,95.87603339220004,8,42.39858059362246,6.94980804252355,12.123966607799957,4.445454422859984
136,5G,Urban,95.83681883538186,5,17.224549666906682,5.581803724722296,9.163181164618138,3.3598330936933167
137,4G,Urban,99.06945551901951,5,34.912507959712435,9.220166525703107,5.930544480980487,2.174532976359512
138,5G,Suburban,97.09495454699774,3,9.985404090868602,6.773593606222383,5.905045453002259,2.1651833327674948
139,4G,Urban,96.64573565299426,4,90.6770950943362,0.9070345980155246,7.3542643470057385,2.696563593902104
140,4G,Rural,96.21684697031368,3,58.36164666255551,10.162258209817267,6.783153029686318,2.487156110884983
141,4G,Suburban,97.41054829565877,5,184.40415858477195,8.492293119253748,7.589451704341229,2.7827989582584505
142,4G,Suburban,95.65674275066473,4,26.205681732423415,0.5461107848017459,8.343257249335267,3.0591943247562643
143,5G,Urban,99.83029626217774,10,277.87464283673535,20.07082581024531,10.16970373782226,3.7288913705348286
144,4G,Suburban,96.58418480527861,5,4.2134887581518035,16.494129960242788,8.41581519472139,3.0857989047311762
145,4G,Suburban,97.45994597441816,3,52.83312494532261,13.393242450200624,5.5400540255818385,2.031353142713341
146,4G,Urban,95.59893382301348,3,25.640198084669723,28.183914021281787,7.401066176986518,2.7137242648950566
147,5G,Rural,99.38769938580552,8,49.28938189911828,11.52967668127741,8.612300614194481,3.1578435585379765
148,5G,Urban,97.46664810359667,2,21.013098658096084,2.121970088913682,4.533351896403332,1.6622290286812216
149,4G,Rural,99.96481957472375,4,22.54378877812172,8.781274377718928,4.035180425276252,1.4795661559346256
150,5G,Suburban,96.3942441010694,5,101.48580699450838,3.3463872781504294,8.605755898930596,3.155443829607885
151,4G,Urban,99.18807336393895,7,66.19530550741386,23.36210185348984,7.811926636061045,2.86437309988905
152,4G,Urban,95.22938435867272,7,103.6032352717098,0.7800055266958495,11.770615641327282,4.315892401820004
153,4G,Suburban,99.17205607214055,3,60.022505673208116,0.8309382036374963,3.827943927859451,1.4035794402151318
154,4G,Urban,98.3488507164951,2,8.761270131100636,1.566387265774409,3.651149283504907,1.3387547372851325
155,4G,Suburban,96.76055371542898,3,21.831635238626852,0.9201443634911906,6.239446284571017,2.2877969710093726
156,4G,Suburban,99.61573716012643,9,106.40938892156967,7.88535348696654,9.384262839873571,3.44089637462031
157,5G,Urban,99.09843102791395,5,165.20023227343975,3.5408853161351406,5.901568972086054,2.16390862309822
158,5G,Urban,97.3433709617482,6,54.53681914414637,20.262104250312767,8.656629038251793,3.174097314025657
159,4G,Suburban,97.40891844644034,5,118.92732530916166,23.443343551235078,7.591081553559661,2.7833965696385423
160,5G,Urban,95.93017728696067,4,101.04356661515553,7.495866703641639,8.06982271303933,2.9589349947810875
161,4G,Urban,96.31241836211332,6,28.258586660318276,9.994203527883286,9.68758163788668,3.5521132672251157
162,4G,Suburban,99.76413175967974,8,59.12946507882763,16.842099660652487,8.235868240320258,3.0198183547840944
163,5G,Urban,95.74982336885428,4,23.342221826884174,9.93917072262128,8.25017663114572,3.025064764753431
164,5G,Urban,96.6003303043627,4,105.1752529396665,14.30112319983797,7.3996696956373,2.7132122217336767
165,4G,Suburban,98.32068979606818,2,60.39484654773784,30.85380166926936,3.67931020393182,1.3490804081083339
166,4G,Suburban,98.54372006372192,3,84.60068355254054,5.3255490935876555,4.456279936278079,1.633969309968629
167,5G,Urban,96.67832753001632,2,8.689317103012883,5.17537472317549,5.321672469983682,1.951279905660683
168,4G,Urban,96.02156021845362,6,65.69821040427773,54.176215861015734,9.978439781546385,3.658761253233674
169,4G,Urban,98.29241255624508,3,98.00468414199587,2.8829799695097744,4.7075874437549174,1.7261153960434699
170,5G,Suburban,99.78222438210271,4,20.650803738357368,26.504666579794012,4.2177756178972885,1.546517726562339
171,4G,Urban,96.07753627974803,2,170.82676649988463,8.769291322070682,5.922463720251969,2.1715700307590553
172,5G,Suburban,95.66486214405074,3,50.90293189765038,1.6051994859765029,7.335137855949256,2.689550547181394
173,5G,Urban,96.69624547853535,5,18.011397138545195,1.9065674811509157,8.303754521464654,3.044709991203707
174,4G,Suburban,97.81563032278007,3,62.607692511107366,6.344557036317932,5.184369677219934,1.9009355483139758
175,4G,Rural,96.73750732364707,5,22.95193727735037,18.943948836083933,8.262492676352934,3.029580647996076
176,4G,Urban,97.16480601689713,6,67.964006984826,10.461764453771016,8.835193983102869,3.2395711271377188
177,5G,Suburban,98.80426384224695,2,23.05018576164951,3.0782185929456714,3.1957361577530463,1.1717699245094504
178,5G,Urban,95.21048451985315,5,11.163781850240937,1.2506884743743583,9.789515480146846,3.589489009387177
179,4G,Suburban,98.56893096595468,0,20.394329703754497,12.97007244698305,1.431069034045322,0.5247253124832848
180,5G,Urban,97.37577936091718,4,38.14057159721498,14.657879549976906,6.6242206390828215,2.4288809009970347
181,4G,Urban,95.4654231073719,5,25.811952249960687,0.7618221909974409,9.534576892628095,3.496011527296968
182,4G,Rural,96.49113341314279,6,181.62975537693194,16.267959687051395,9.50886658685721,3.486584415180977
183,5G,Urban,98.48723677297082,6,36.99866093655136,4.296081966312125,7.512763227029183,2.7546798499107
184,4G,Urban,96.16939208481921,7,93.01858135494433,10.20519163359171,10.830607915180792,3.9712229022329573
185,4G,Rural,99.03828050407705,3,81.94079413391671,3.2975293944026873,3.9617194959229494,1.4526304818384148
186,5G,Urban,97.47485007930747,9,70.99473779895045,1.1635188892231914,11.525149920692527,4.225888304253927
187,5G,Urban,99.42011388770922,4,5.270300851793784,9.683250528173414,4.5798861122907795,1.6792915745066193
188,4G,Rural,97.11615370337515,5,38.63902555095771,4.273065906023892,7.883846296624853,2.8907436420957793
189,5G,Urban,98.34513961620708,6,83.85347432984433,1.644420496781599,7.654860383792922,2.806782140724071
190,4G,Urban,99.55980815910496,6,89.60340796602068,36.648850849134405,6.440191840895039,2.3614036749948477
191,5G,Suburban,97.32557110906329,12,15.439077813353583,29.732614882855405,14.67442889093671,5.380623926676794
192,4G,Urban,97.28036444156098,2,22.485338074927608,17.04835526092207,4.719635558439023,1.7305330380943085
193,4G,Rural,95.66939781088078,2,112.83759876024806,10.792571765570244,6.330602189119219,2.321220802677047
194,4G,Rural,96.07819128666387,7,25.438527251036042,0.22522717908338888,10.921808713336134,4.004663194889916
195,5G,Urban,98.91330209994615,3,69.95632354081553,0.4134014621254112,4.086697900053849,1.4984558966864114
196,5G,Rural,99.1235787079053,5,71.03591504707454,23.474448776622108,5.8764212920947045,2.1546878071013915
197,4G,Urban,98.85618562586127,6,84.6609347655978,7.41623401047022,7.143814374138728,2.619398603850867
198,4G,Urban,98.64330622236307,10,101.09886320939823,22.820122951179435,11.356693777636934,4.164121051800209
199,4G,Urban,98.74594448783746,3,30.722112902879964,17.988351321559982,4.254055512162537,1.559820354459597
200,4G,Suburban,97.03324904925994,11,41.85840565464575,12.467478892966266,13.966750950740064,5.1211420152713565
201,4G,Urban,98.51623519061451,6,69.97289219617826,3.8990603805758854,7.483764809385491,2.7440470967746804
202,5G,Urban,97.18900431199943,3,32.6542135669911,16.939047612804142,5.810995688000574,2.130698418933544
203,4G,Suburban,95.3149290188151,7,117.0885604024715,31.374657376456877,11.685070981184893,4.2845260264344605
204,5G,Urban,96.55850752969835,9,25.216744064691945,1.654556905530609,12.441492470301654,4.56188057244394
205,5G,Rural,99.16442586001608,5,37.09884623583593,2.8471988270660264,5.835574139983919,2.1397105179941036
206,5G,Rural,97.4106151923618,8,41.89164623239835,6.070132205414964,10.589384807638197,3.882774429467339
207,5G,Urban,96.86794713826366,3,44.10980293408975,3.960981683781013,6.132052861736341,2.248419382636658
208,5G,Suburban,98.79929816121673,4,46.695496170333996,7.303080079526846,5.200701838783274,1.9069240075538672
209,5G,Urban,96.84608943250844,3,70.50236155209207,30.93626311562684,6.153910567491565,2.256433874746907
210,4G,Suburban,99.93389382245662,2,46.34812958637579,25.017044242095906,2.066106177543375,0.7575722650992375
211,4G,Rural,97.33076402541309,3,117.90082145875148,7.303591815428985,5.669235974586911,2.0787198573485344
212,5G,Rural,98.67334557351933,6,182.25447906451336,5.524033580205712,7.3266544264806726,2.686439956376246
213,4G,Suburban,97.58213766621601,5,48.39369490922674,5.501632887063903,7.417862333783987,2.7198828557207952
214,5G,Urban,96.46927597440045,3,47.474171726898525,12.352322577099129,6.530724025599554,2.394598809386503
215,5G,Urban,96.66940340706407,6,72.38930693346087,2.0244040434128387,9.330596592935933,3.4212187507431757
216,5G,Suburban,97.90950187021001,6,24.26596471764736,0.4727531784553678,8.090498129789992,2.9665159809229973
217,4G,Suburban,96.85545717713484,4,29.798647418088787,3.294692092170524,7.144542822865162,2.619665701717226
218,4G,Suburban,96.01257798994014,6,12.308115623109096,21.353844557790463,9.98742201005986,3.6620547370219483
219,4G,Rural,97.66818796398724,3,158.0896599331576,2.673861156301207,5.331812036012764,1.9549977465380133
220,5G,Suburban,95.66071730379156,3,102.40247416165165,8.373882583217553,7.339282696208443,2.6910703219430956
221,5G,Urban,98.2895434687074,5,67.44001809900662,4.07706663672119,6.710456531292607,2.4605007281406226
222,4G,Urban,98.35280109564587,11,47.188640282467304,1.2096955681080381,12.647198904354127,4.637306264929847
223,4G,Rural,97.08680632228436,2,50.13658367898161,4.091271509470971,4.91319367771564,1.8015043484957347
224,5G,Urban,97.28381897315072,1,30.282855812880783,3.013238002899416,3.7161810268492843,1.3625997098447378
225,4G,Suburban,98.60556228230207,7,132.89714663300492,2.400332989960936,8.394437717697926,3.0779604964892395
226,5G,Suburban,98.84244417053007,4,51.73140057804494,13.98278017468816,5.157555829469928,1.8911038041389734
227,5G,Urban,96.32989624415482,3,120.18270162121038,0.14804067030767426,6.670103755845176,2.4457047104765643
228,4G,Suburban,98.07063626767138,5,18.594954885389548,0.7880984382493567,6.929363732328625,2.5407667018538294
229,5G,Suburban,97.86495747779377,5,153.0268147202135,14.616162232549573,7.135042522206234,2.616182258142286
230,4G,Suburban,99.27342858486207,3,26.63331251167542,8.849139416711582,3.7265714151379257,1.3664095188839063
231,4G,Urban,98.67461621997737,9,73.19957481956972,7.338427871133064,10.325383780022634,3.7859740526749657
232,4G,Suburban,95.7885210822466,4,25.015166721193552,4.0086470241649605,8.211478917753396,3.0108756031762454
233,4G,Suburban,98.05568591883079,3,111.91261460145144,21.83819880867517,4.94431408116921,1.8129151630953773
234,4G,Urban,98.03044435863112,5,22.872221384408395,5.9665300865578175,6.969555641368885,2.555503735168591
235,5G,Urban,96.14589673673035,5,130.73318203711824,10.386718733575444,8.85410326326965,3.2465045298655384
236,4G,Rural,95.0883406435736,5,22.154809106358623,4.717162246464415,9.911659356426398,3.634275097356346
237,5G,Urban,96.7555138243858,11,21.259184790958717,2.1971880900735794,14.244486175614199,5.222978264391873
238,4G,Suburban,99.4503400110644,4,76.8964400073119,14.486457457248779,4.549659988935602,1.6682086626097208
239,4G,Rural,99.68342592115934,5,63.40277082800277,5.5059552664178995,5.3165740788406595,1.9494104955749085
240,5G,Urban,97.18253090119822,3,54.5047096839214,12.877798406499323,5.81746909880178,2.1330720028939862
241,4G,Rural,99.86310419582159,10,66.30318757534133,32.420060753285725,10.136895804178408,3.7168617948654163
242,4G,Rural,96.41531366417455,2,55.950567585037106,1.4228778933159774,5.584686335825452,2.047718323135999
243,5G,Urban,95.3360384908055,8,171.3207478490623,5.4715312073855635,12.663961509194493,4.643452553371314
244,4G,Urban,97.44334648700229,8,51.76847758831688,4.746656471063354,10.556653512997713,3.870772954765828
245,5G,Urban,96.64320240267045,7,93.16513316350489,0.08114995095869561,10.356797597329546,3.7974924523541667
246,5G,Urban,99.40476722899228,4,29.60020158522175,4.684333850456323,4.595232771007716,1.684918682702829
247,5G,Suburban,95.28005083495582,4,29.051711802141966,16.16679544284918,8.719949165044184,3.1973146938495343
248,5G,Urban,97.62258518131763,3,199.66548845521004,1.7512806777833885,5.377414818682368,1.9717187668502014
249,5G,Urban,98.69148122123515,8,5.630441882808502,2.4549646190139693,9.30851877876485,3.413123552213778
250,5G,Rural,95.81122027124742,9,85.43664665263996,1.5345749087138647,13.188779728752579,4.835885900542612
251,4G,Urban,97.12748279043834,3,25.54520342393292,17.273177667312208,5.872517209561664,2.15325631017261
252,4G,Urban,98.12349871494315,6,57.907290145058305,16.006889411137358,7.876501285056847,2.8880504711875106
253,4G,Suburban,97.11334303374171,2,86.1714927643123,0.5299856637519887,4.886656966258286,1.7917742209613714
254,5G,Suburban,97.1455601579773,4,11.407036351829534,0.4878886593737738,6.8544398420227,2.5132946087416568
255,5G,Urban,99.08531368589074,6,11.05192721337133,3.694390023784264,6.914686314109261,2.5353849818400622
256,4G,Rural,99.53862344045163,5,18.74727513879322,29.68849489308617,5.46137655954837,2.002504738501069
257,5G,Urban,99.24797723686352,6,57.99232248844303,1.017808478150405,6.75202276313648,2.4757416798167093
258,4G,Urban,97.44299608617051,3,3.3570833702116762,4.486926226675104,5.55700391382949,2.0375681017374796
259,4G,Rural,97.33375195783093,5,26.580527027241903,26.20762058520218,7.666248042169073,2.810957615461993
260,4G,Urban,97.94312484219684,7,28.61917068305615,7.573041954429733,9.056875157803162,3.3208542245278263
261,4G,Urban,99.89884421369003,1,108.79013160755633,0.2943871620580875,1.101155786309974,0.4037571216469904
262,5G,Urban,95.18064485352073,3,37.72544873599133,0.0944859731631571,7.819355146479268,2.8670968870423983
263,4G,Rural,98.99376956405087,5,106.84924396071307,8.37427825313459,6.006230435949135,2.2022844931813492
264,5G,Rural,98.45232297509943,2,55.54666462846686,2.2121014934361214,3.5476770249005654,1.3008149091302073
265,4G,Suburban,96.44571491121383,5,14.773535398741592,12.377781903704236,8.554285088786173,3.136571199221597
266,5G,Urban,99.27539899379268,6,64.23979819971314,26.503086304339835,6.7246010062073225,2.4656870356093514
267,4G,Rural,97.12949798621467,5,10.563418850565885,18.736821988225415,7.870502013785327,2.885850738387953
268,5G,Suburban,97.17326110062972,3,98.32000799192602,9.017472732605453,5.826738899370284,2.136470929769104
269,5G,Urban,97.38391393821257,5,12.019241452321484,9.988472504638354,7.616086061787428,2.792564889322057
270,4G,Rural,96.90974579139767,8,73.08284888063869,10.462369302860337,11.090254208602332,4.066426543154188
271,4G,Urban,95.98349223730096,0,46.99983448302146,0.9061613441867645,4.016507762699035,1.4727195129896462
272,4G,Urban,96.65282428711699,8,93.4197704745154,2.765484241044678,11.347175712883015,4.160631094723772
273,4G,Urban,96.76597251129289,3,89.6535779500374,0.5058771671329331,6.234027488707113,2.285810079192608
274,4G,Suburban,97.73908687356506,4,37.33118284846555,8.458001016327936,6.260913126434943,2.295668146359479
275,4G,Urban,96.95320456017677,3,20.47025602908455,1.8013534045212285,6.046795439823228,2.217158327935184
276,4G,Urban,96.60099112458181,8,33.059119390178886,7.16935182644546,11.39900887541819,4.179636587653336
277,4G,Urban,97.8769380736473,9,193.77384902784954,5.943461850251765,11.123061926352705,4.078456039662658
278,4G,Suburban,96.80086950579816,6,57.119519825001774,9.343468213760062,9.199130494201839,3.3730145145406745
279,5G,Urban,99.1967143609896,4,47.195631659493884,5.209109151188072,4.803285639010397,1.7612047343038124
280,4G,Urban,96.63258696557027,6,33.560586502650224,14.395961032433904,9.367413034429731,3.434718112624235
281,5G,Urban,99.04823175373734,4,14.273096823814067,4.138956591470896,4.9517682462626595,1.815648356962975
282,5G,Urban,96.34588751062901,6,41.5385972063403,27.187245502574108,9.654112489370988,3.539841246102695
283,4G,Rural,99.36456336027197,3,58.20416393933263,7.608542648440048,3.6354366397280273,1.3329934345669434
284,5G,Urban,97.25668227525931,5,14.015682485091133,15.297580904123452,7.743317724740692,2.8392164990715867
285,5G,Suburban,98.01173327818599,3,8.891714450581992,9.548888892809199,4.988266721814014,1.8290311313318053
286,5G,Urban,96.47024398046155,1,20.797348629833692,0.648548536656134,4.529756019538453,1.660910540497433
287,5G,Rural,95.60391901984299,9,74.31941504467154,2.12144154803841,13.39608098015701,4.911896359390903
288,5G,Rural,98.29580689470066,2,59.44022510646805,6.099135197319363,3.704193105299339,1.3582041386097579
289,4G,Rural,96.21521884615754,8,82.6474662267345,3.9088400686040066,11.78478115384246,4.321086423075569
290,4G,Urban,99.94966139092526,7,24.840590338176202,5.831918412502418,7.050338609074743,2.585124156660739
291,5G,Urban,96.38362167972407,3,61.08254100650625,6.206477081975507,6.616378320275928,2.4260053841011735
292,5G,Suburban,99.07332322224944,2,48.47294369060967,10.452077925804097,2.926676777750558,1.073114818508538
293,5G,Urban,95.29167406386765,5,41.26662354591503,4.596543654685744,9.708325936132354,3.559719509915196
294,4G,Suburban,98.60463522001405,4,65.98275843082807,27.474688416137283,5.395364779985954,1.978300419328183
295,4G,Urban,99.82351635927331,5,94.02731090331916,2.1579857695879276,5.176483640726687,1.898044001599785
296,5G,Rural,99.7267122604184,3,24.796623672834418,16.98344718518547,3.2732877395816047,1.200205504513255
297,5G,Urban,97.35272414134872,6,44.928489754051995,15.063769433511307,8.647275858651284,3.1706678148388043
298,5G,Urban,97.26770809305162,5,80.32773277676873,20.71138652054781,7.732291906948376,2.8351736992144048
299,4G,Urban,96.4188502463266,5,52.89829898888547,3.3693348703401496,8.581149753673401,3.1464215763469134
300,5G,Rural,99.76499061949028,4,59.34264657586695,4.750271389095724,4.235009380509723,1.5528367728535653
301,4G,Urban,99.59750834063179,3,62.624356053569855,6.279260268980137,3.4024916593682093,1.2475802751016767
302,5G,Rural,98.32021007185394,7,50.585104400109316,3.1092328389873525,8.679789928146064,3.1825896403202236
303,4G,Urban,98.08537237089048,5,51.532491563820365,7.7085365777045975,6.914627629109518,2.535363464006823
304,5G,Rural,95.53848351904433,2,28.829198022721553,5.094270327645297,6.461516480955666,2.369222709683744
305,4G,Rural,96.90001694088743,2,63.00465997446768,18.284511424778636,5.099983059112574,1.8699937883412774
306,4G,Urban,99.63350431312819,4,70.89350371272126,13.347917501570132,4.366495686871815,1.6010484185196656
307,4G,Rural,99.8598632132118,7,19.5790281985698,9.444413435994385,7.140136786788204,2.6180501551556747
308,5G,Suburban,97.53660695567515,3,45.68890425848105,8.826352385416964,5.463393044324846,2.0032441162524433
309,5G,Suburban,95.10344758300822,7,74.81109710618607,2.864992076677724,11.896552416991781,4.3620692195636535
310,5G,Suburban,96.26066027991826,3,40.277546501816495,26.560965094954994,6.739339720081745,2.4710912306966395
311,4G,Suburban,97.8524350032024,11,100.92912634714591,10.199736375257968,13.147564996797598,4.820773832159119
312,5G,Urban,97.17812410148872,6,18.469881577914474,12.228331226135099,8.82187589851128,3.234687829454136
313,4G,Urban,96.99281836260465,5,25.110523290331464,14.996499222048683,8.007181637395348,2.9359666003782947
314,4G,Urban,98.62033822840212,6,75.40604208180551,23.892194046735092,7.379661771597881,2.7058759829192227
315,4G,Suburban,98.89352825657564,2,11.029248504714554,6.748773512593425,3.1064717434243647,1.1390396392556004
316,4G,Suburban,96.82026052923872,6,60.631476185332865,5.998172477226776,9.179739470761277,3.3659044726124683
317,5G,Suburban,99.27602392547303,6,53.96268309090525,3.2479356653480442,6.723976074526973,2.4654578939932237
318,4G,Suburban,96.24428003520497,5,5.229442236913526,4.287747106447482,8.755719964795034,3.2104306537581793
319,4G,Suburban,96.98715641190017,8,45.77019419140011,3.9932776040724067,11.012843588099827,4.038042648969936
320,4G,Urban,96.95489230530518,2,52.26318717206813,3.722309378360356,5.045107694694821,1.8498728213881008
321,5G,Urban,95.86990532034719,5,82.34215108965384,20.672535188940376,9.130094679652814,3.347701382539365
322,4G,Rural,97.04195985338389,6,72.75066143344777,3.7101492975961787,8.958040146616113,3.284614720425908
323,4G,Urban,99.56182002637063,2,69.43100241870037,5.904702797299213,2.4381799736293743,0.893999323664104
324,4G,Urban,98.96521524296722,4,43.99857843718042,0.807954415667012,5.0347847570327815,1.8460877442453532
325,4G,Suburban,98.41287040056699,3,165.3802839576851,2.3592833408901055,4.587129599433013,1.6819475197921046
326,4G,Rural,98.64539919644571,3,73.53291455746152,9.627991564801137,4.354600803554291,1.59668696130324
327,5G,Rural,99.01864947406276,5,43.96922233314606,8.781708793994731,5.981350525937245,2.193161859510323
328,4G,Urban,99.59586737338331,6,154.5325649394545,2.214729699602191,6.404132626616686,2.348181963092785
329,4G,Urban,99.7745448721398,5,38.49930337386041,9.839904483482831,5.225455127860201,1.9160002135487402
330,4G,Urban,98.10126777127611,6,19.40036181945799,8.294692989229244,7.898732228723887,2.8962018171987585
331,4G,Suburban,98.78777609578272,7,34.800715789771345,1.2744720366407383,8.212223904217282,3.0111487648796698
332,5G,Suburban,97.76853482659516,7,49.0147416677893,7.370605392610763,9.231465173404843,3.3848705635817757
333,4G,Rural,98.23155614154584,5,14.704000363157418,2.978250904534243,6.768443858454162,2.4817627480998596
334,4G,Urban,95.10635590888765,5,56.56873259492567,8.384340078297301,9.89364409111235,3.6276695000745285
335,4G,Suburban,99.75649570355829,7,26.67967225836018,5.683783893690661,7.243504296441714,2.6559515753619616
336,5G,Rural,97.18857586099682,2,93.90622025463783,0.3789020267537765,4.811424139003179,1.7641888509678323
337,5G,Urban,95.67585898282454,7,38.045179417860936,10.680637150008295,11.324141017175464,4.152185039631004
338,4G,Suburban,99.42634469387023,5,94.45145814474846,12.20956218271084,5.573655306129766,2.0436736122475807
339,5G,Urban,99.8529664730443,7,49.74854463623257,21.59610513537316,7.1470335269556955,2.620578959883755
340,5G,Rural,98.53339618426753,4,36.018694198598325,1.4887970077427402,5.466603815732469,2.0044213991019055
341,4G,Suburban,96.64360120438026,4,30.060598001258093,7.512118093747281,7.356398795619739,2.697346225060571
342,4G,Suburban,97.51481744838743,7,57.81734999591116,0.1832209176072624,9.485182551612567,3.4779002689246084
343,5G,Urban,98.76591392920174,3,37.636880303359156,18.18489426796406,4.234086070798256,1.5524982259593605
344,4G,Suburban,95.26314355401982,7,45.22589706908487,22.260425717906436,11.73685644598018,4.303514030192733
345,4G,Suburban,95.85556250524982,1,47.558555682362,19.58482997328379,5.1444374947501785,1.8862937480750654
346,4G,Suburban,95.38313064095381,4,160.30660446660488,3.0252291006419134,8.616869359046191,3.1595187649836034
347,4G,Suburban,98.39391061128103,6,53.21555352722157,20.38589930134245,7.606089388718971,2.788899442530289
348,4G,Urban,98.83169340627136,8,28.352679492019202,2.2350534531274215,9.168306593728644,3.361712417700503
349,4G,Suburban,97.12307022622127,3,118.95491678629476,21.40128227686899,5.876929773778727,2.154874250385533
350,4G,Urban,95.86992068328765,3,34.61406604935725,14.71792199128961,7.130079316712354,2.614362416127863
351,4G,Suburban,99.26375369287781,4,134.66826309575688,4.338782255256848,4.736246307122187,1.7366236459448017
352,5G,Suburban,95.10872761698019,4,70.72757227309131,4.087184424203571,8.89127238301981,3.260133207107264
353,4G,Urban,98.27149301501022,5,25.061489919219454,1.8718333910202043,6.728506984989778,2.4671192278295853
354,4G,Urban,97.44725532343925,7,55.11542939741285,3.994788422955808,9.55274467656075,3.5026730480722748
355,5G,Rural,98.74587578806876,10,85.68226107860481,3.1935885202706134,11.254124211931241,4.126512211041455
356,4G,Urban,95.92193085528444,5,27.4749470207279,1.2234350510604282,9.078069144715556,3.3286253530623706
357,5G,Suburban,95.72168284818372,3,11.370692539624148,0.9261042945584324,7.278317151816282,2.668716288999303
358,5G,Urban,99.92796557439085,9,42.60356922250265,51.980378538104176,9.072034425609147,3.3264126227233537
359,4G,Urban,95.31946956103586,3,134.61323999065374,8.764958320531456,7.680530438964141,2.8161944942868513
360,4G,Urban,97.11456559836837,8,67.47079581169687,17.46318231693304,10.885434401631628,3.99132594726493
361,5G,Urban,99.53840831928883,3,176.78905916920178,22.017706880002056,3.461591680711166,1.2692502829274275
362,4G,Urban,98.11387800266273,5,62.2484513042851,24.66892355872776,6.88612199733727,2.5249113990236656
363,4G,Urban,96.12726464873332,5,69.54729566633081,10.839128611560668,8.872735351266684,3.2533362954644507
364,4G,Rural,99.831230240725,4,106.16167023853063,5.926536275459902,4.168769759274994,1.5285489117341644
365,4G,Urban,96.89867846182136,3,121.85090736816844,0.7393216701814566,6.101321538178638,2.2371512306655004
366,4G,Urban,98.0931846330572,4,43.14604819422463,8.05159927903046,5.906815366942794,2.1658323012123577
367,5G,Urban,99.03485632748674,7,170.0626324339003,0.0242445026733139,7.965143672513264,2.92055267992153
368,4G,Suburban,99.27090385247513,6,13.886365340776644,6.899183277809246,6.729096147524871,2.4673352540924527
369,4G,Suburban,96.99866801650828,4,149.6797025284313,24.786668559614945,7.001331983491724,2.5671550606136324
370,5G,Suburban,96.29931431285289,5,63.617650496252566,1.9017708876592807,8.700685687147114,3.1902514186206083
371,4G,Rural,98.69700675811535,7,63.94581716410717,1.88341181500165,8.30299324188465,3.044430855357705
372,4G,Suburban,95.75403800083103,5,115.09246499979822,2.6901507690713227,9.24596199916897,3.3901860663619554
373,4G,Urban,97.22378943777619,5,5.358341894729509,7.041907226139537,7.77621056222381,2.85127720614873
374,5G,Urban,98.2029275489265,8,105.58618853166122,6.868117396915117,9.797072451073504,3.5922598987269514
375,4G,Urban,97.69514337257276,6,28.95377572216803,22.080366868555927,8.304856627427242,3.045114096723322
376,4G,Urban,95.73731968787477,6,91.47365698297497,17.64449965824799,10.262680312125227,3.762982781112583
377,5G,Urban,96.44692305416716,7,144.53677086320826,0.19869996369950127,10.553076945832842,3.8694615468053755
378,4G,Rural,97.75217482310192,2,107.17937176135975,1.6858185664128413,4.2478251768980755,1.557535898195961
379,4G,Urban,95.55531805358973,6,18.83584072823252,1.0301772092614927,10.44468194641027,3.8297167136837658
380,5G,Rural,99.55769397482015,5,14.769735052535216,36.80844951370311,5.442306025179846,1.9955122092326103
381,5G,Suburban,95.61819324710078,7,40.96020853222817,5.656711769940564,11.381806752899223,4.173329142729715
382,4G,Urban,98.38273944184537,9,48.79455064924787,2.3574152251028786,10.617260558154626,3.89299553799003
383,4G,Urban,97.48992647314209,9,36.05548219211632,3.3916714683292803,11.510073526857909,4.220360293181233
384,5G,Suburban,96.93605206339087,2,13.659374525719999,0.31522757163664566,5.063947936609125,1.8567809100900126
385,5G,Urban,99.17921711370191,5,44.328751157238614,0.3823997717043934,5.82078288629809,2.1342870583092997
386,4G,Suburban,96.98204090576898,4,109.48760238225145,5.4601297156676,7.017959094231017,2.573251667884706
387,4G,Urban,96.51082054253618,4,245.19383323132223,2.835853816806782,7.48917945746382,2.746032467736734
388,4G,Suburban,97.6767468062767,6,12.979556871126944,0.6513275956420915,8.323253193723303,3.0518595043652113
389,5G,Urban,99.7444180782543,8,22.73805000514411,13.090790068474224,8.255581921745701,3.0270467046400906
390,4G,Suburban,98.85790019005687,10,125.38066767634118,10.907191337084898,11.142099809943133,4.085436596979149
391,4G,Urban,96.44514529076632,3,28.276599247170125,2.9148138635920233,6.55485470923368,2.4034467267190163
392,4G,Suburban,95.55742474330573,5,53.84100897942168,0.5281401733166446,9.44257525669427,3.462277594121232
393,4G,Urban,95.90041768998925,3,35.36352068591343,9.52726391891796,7.099582310010746,2.6031801803372736
394,4G,Rural,96.19926902435077,2,176.10257377653994,20.373321517696247,5.8007309756492305,2.1269346910713844
395,5G,Urban,96.65305442556486,6,114.56517524779886,11.558148842614857,9.34694557443514,3.4272133772928846
396,5G,Rural,97.2663308053353,3,46.37884267185351,2.7231236800754752,5.733669194664699,2.1023453713770563
397,4G,Suburban,99.36028965067034,3,28.291025839465746,4.9750129542099115,3.639710349329661,1.3345604614208757
398,4G,Rural,98.2328313498341,5,20.277816645210077,15.865721963139642,6.7671686501659,2.4812951717274965
399,4G,Rural,97.68561363719532,5,44.844042699068766,21.96740285891448,7.314386362804683,2.6819416663617175
400,4G,Urban,99.97872323080988,7,13.451411327462239,23.329235437594065,7.0212767691901234,2.5744681487030454
401,5G,Urban,98.66931961382234,12,290.93104628355064,12.55624444915896,13.330680386177661,4.887916141598476
402,5G,Urban,95.79844215780561,8,33.4849266784675,17.132176642417395,12.20155784219439,4.4739045421379435
403,4G,Urban,97.19262714470605,5,20.151717016083992,0.5358045321847306,7.8073728552939485,2.8627033802744477
404,4G,Urban,97.94728494797819,3,69.39334616216959,25.651766144056175,5.05271505202181,1.8526621857413303
405,5G,Rural,97.81363203293289,7,24.47586202945705,22.605259026973346,9.186367967067113,3.3683349212579414
406,4G,Suburban,98.09228726908425,7,11.293792394235892,10.912841869508156,8.907712730915748,3.2661613346691074
407,4G,Suburban,96.55361634032278,5,47.05806939621222,21.693867827366265,8.446383659677224,3.0970073418816484
408,5G,Urban,97.88471837245515,1,103.029633778426,8.817480855422751,3.115281627544846,1.1422699300997767
409,4G,Urban,99.66071851975799,4,41.29650036100016,5.03477883130229,4.339281480242008,1.591069876088736
410,5G,Urban,99.57904172218994,5,47.6904127366847,3.366727485626368,5.420958277810058,1.987684701863688
411,4G,Urban,97.29227799990359,5,33.63318161963684,3.488433344964585,7.70772200009641,2.826164733368684
412,4G,Urban,98.43771443553287,6,73.0985273708879,11.205231062018816,7.562285564467132,2.772838040304615
413,5G,Suburban,97.96167660721181,8,94.79916947965638,3.3684751637969716,10.038323392788186,3.6807185773556683
414,4G,Rural,95.99792984292073,3,43.28411836389382,3.476425416267699,7.002070157079274,2.5674257242624003
415,4G,Urban,97.77486623019432,5,32.95742446909048,12.882634230526484,7.22513376980568,2.649215715595416
416,5G,Urban,97.52016089205027,5,55.09128993391845,3.3863059288305735,7.479839107949729,2.7426076729149007
417,4G,Urban,98.61835502453775,3,87.58985713145492,8.122124450168718,4.381644975462251,1.6066031576694921
418,4G,Urban,96.87059257623767,7,115.39510930796902,2.1666020658117495,10.12940742376233,3.7141160553795216
419,4G,Urban,97.70061783245089,6,70.5671723522228,1.1124839335983943,8.299382167549112,3.0431067947680077
420,5G,Rural,97.84046008556751,4,115.46755913827346,21.513703974155934,6.159539914432486,2.2584979686252447
421,4G,Suburban,95.2486823302386,5,35.130667429316375,3.991578929404339,9.751317669761406,3.5754831455791822
422,4G,Urban,99.0201826607613,3,9.82207439265447,5.906653048756238,3.979817339238707,1.4592663577208593
423,5G,Suburban,98.8122151059489,6,62.98055195045536,2.621896504138641,7.187784894051106,2.635521127818739
424,4G,Urban,97.65781015406932,3,40.28200184169053,5.694453875399837,5.342189845930676,1.9588029435079146
425,4G,Rural,99.66232316637303,4,100.9042770966643,14.31456412835751,4.337676833626972,1.590481505663223
426,5G,Urban,98.34997140164657,4,151.1502611777312,14.129611995495452,5.65002859835343,2.071677152729591
427,5G,Urban,98.31790518735225,3,59.14249463548802,13.86680821695412,4.6820948126477475,1.7167680979708406
428,4G,Suburban,98.37587799846318,6,71.40599464318417,2.704815653357035,7.6241220015368185,2.7955114005635
429,4G,Urban,98.5378579417923,5,23.90548607615717,0.01741418430732426,6.462142058207704,2.3694520880094916
430,4G,Suburban,96.17904699473381,8,45.59348141543243,7.953133191641885,11.82095300526619,4.3343494352642695
431,5G,Urban,99.57828413196609,4,100.49505077071018,1.5929845145017218,4.421715868033914,1.621295818279102
432,4G,Rural,95.37913810435397,4,220.7760131360499,19.305180704625034,8.62086189564603,3.1609826950702113
433,5G,Urban,95.93975205874833,5,80.58425049910745,33.07115491970194,9.060247941251674,3.3220909117922806
434,5G,Suburban,98.72888329538874,6,32.150333324667784,4.665737634739872,7.271116704611259,2.6660761250241283
435,4G,Suburban,98.94807978268689,5,59.58456954158703,29.580127417272593,6.051920217313111,2.219037413014807
436,4G,Urban,96.6512773181635,4,50.97612675774469,22.267502000196963,7.348722681836506,2.6945316500067187
437,4G,Suburban,99.36356746211733,5,50.77342344634467,2.0091232084923467,5.636432537882669,2.0666919305569786
438,4G,Urban,99.3265564125529,3,68.24233145574806,22.583671628486567,3.673443587447096,1.3469293153972686
439,4G,Rural,96.69842014084952,4,67.44733879137235,13.30546805880797,7.301579859150479,2.6772459483551754
440,4G,Rural,95.34679739408672,8,76.80341655905555,3.1806544425066856,12.653202605913279,4.639507622168202
441,4G,Urban,98.41636627609118,2,147.15762273766012,10.22801784206425,3.583633723908818,1.3139990320999
442,4G,Urban,96.33055833098126,2,66.34971687525467,9.705255780613335,5.669441669018738,2.078795278640204
443,5G,Urban,99.67161165322067,6,6.377710890072122,5.0542380162912135,6.3283883467793345,2.320409060485756
444,5G,Urban,95.61771759846482,6,97.42709007679258,7.988686374101399,10.382282401535178,3.806836880562899
445,5G,Suburban,97.61330861033395,2,93.9803445169237,0.36455795965684445,4.386691389666055,1.60845350954422
446,4G,Suburban,95.7415287438323,12,23.175928127950037,11.218580193672633,16.258471256167695,5.961439460594821
447,5G,Suburban,99.3343612356659,8,101.25720797488928,6.006907647401416,8.665638764334105,3.1774008802558384
448,4G,Suburban,98.3888425644234,5,36.04457042186419,8.521198937748245,6.611157435576601,2.4240910597114205
449,4G,Rural,95.37372170180303,2,84.01248018065971,0.2912891457993201,6.626278298196965,2.4296353760055536
450,5G,Urban,95.86368275677883,2,94.45128134377893,0.7496205079181122,6.136317243221171,2.249982989181096
451,5G,Urban,97.15566907468892,4,74.05677439264531,3.2702436134948827,6.844330925311084,2.5095880059473976
452,5G,Urban,95.84242150387334,6,21.887462076100423,21.526098399653208,10.15757849612666,3.7244454485797753
453,4G,Rural,96.65895306721163,8,57.593253743792,22.17538886874944,11.341046932788373,4.158383875355737
454,4G,Rural,99.22411127695709,8,79.36881173956704,6.739588154334825,8.775888723042911,3.2178258651157337
455,5G,Urban,99.95162955137805,5,31.75537700707512,0.6081913912405954,5.048370448621952,1.8510691644947157
456,4G,Urban,97.26029250196198,4,95.54437765472491,1.9522083412298206,6.739707498038015,2.471226082613939
457,4G,Rural,95.11283099928148,7,51.81498164389037,4.437833074787549,11.887169000718515,4.358628633596789
458,4G,Urban,98.61770939272844,3,9.524898134580486,22.557781179610096,4.382290607271557,1.6068398893329041
459,4G,Suburban,95.39696276814625,5,64.5085421843531,11.748619803054108,9.603037231853747,3.5211136516797072
460,5G,Suburban,96.08879028027579,8,4.490018256627602,8.539150260157964,11.911209719724212,4.367443563898878
461,4G,Rural,96.60585271775125,10,62.58724690075539,5.191063657448156,13.394147282248753,4.9111873368245424
462,4G,Rural,99.61673038078017,8,2.2953384071759455,9.72249101861561,8.383269619219831,3.0738655270472712
463,5G,Suburban,98.47398900308256,7,46.39768277687537,4.730309970947862,8.526010996917435,3.1262040322030593
464,5G,Urban,95.69708434237661,6,38.242667489594425,29.76795847540052,10.302915657623387,3.7777357411285752
465,5G,Urban,99.56335413838411,5,91.06478265577519,34.60753877717014,5.436645861615887,1.993436815925825
466,5G,Urban,97.48433992200464,3,23.47702469221563,1.0850831509375243,5.5156600779953635,2.0224086952649665
467,5G,Urban,97.16692968942071,1,192.93455607420066,4.5839289009453035,3.833070310579288,1.4054591138790722
468,4G,Rural,97.36223831073386,9,32.56918293436522,0.6537613917155833,11.637761689266142,4.267179286064252
469,5G,Rural,95.90453698288582,6,14.299480623964902,9.428261993186005,10.095463017114184,3.7016697729418677
470,4G,Urban,96.65679112093964,7,60.88469975871015,7.699849493824702,10.343208879060356,3.7925099223221306
471,4G,Urban,99.59084773660096,4,27.516164736386994,23.229664079129826,4.4091522633990365,1.6166891632463134
472,4G,Urban,95.55411201769458,6,99.5562505794608,44.72567787352904,10.445887982305422,3.8301589268453213
473,4G,Urban,97.12030567322569,8,64.58903529319332,1.2550100124642989,10.879694326774313,3.9892212531505815
474,4G,Urban,96.49934696632144,2,25.257352748094995,4.120163137047361,5.50065303367856,2.0169061123488055
475,5G,Rural,98.39365559908829,5,204.3224064769585,0.5727508220524397,6.606344400911709,2.422326280334293
476,4G,Urban,98.38030519252439,7,89.14091897234137,3.1008007176345096,8.61969480747561,3.1605547627410573
477,4G,Suburban,98.66849727914072,4,99.99280784135289,33.058589806171106,5.331502720859277,1.954884330981735
478,5G,Suburban,97.34579425606,10,65.71554247702893,16.56253532611013,12.654205743939997,4.6398754394446655
479,4G,Suburban,98.89584277936372,4,98.44263923488437,30.880564762328202,5.1041572206362815,1.8715243142333033
480,4G,Suburban,97.37280986544772,4,86.53366844259571,11.822251187589279,6.627190134552279,2.4299697160025024
481,5G,Urban,98.45557987029686,10,38.124553761280644,15.709665355127225,11.544420129703141,4.2329540475578185
482,5G,Suburban,99.76910914761073,6,23.047092827258734,0.0689745027438563,6.230890852389265,2.284659979209397
483,5G,Urban,95.75353696108606,7,73.62012948796355,11.162323301590089,11.246463038913944,4.123703114268446
484,5G,Urban,99.89484189428642,2,51.8835088863387,0.5211893898002898,2.105158105713585,0.7718913054283144
485,4G,Suburban,99.63188315096583,8,30.118617002834984,0.156103055354671,8.368116849034166,3.0683095113125276
486,4G,Suburban,99.00356714717246,2,29.781172054980093,15.339671520574068,2.996432852827539,1.0986920460367642
487,5G,Urban,95.89753155599011,7,240.08742592639112,6.375464151400269,11.102468444009887,4.070905096136959
488,5G,Urban,96.6962222957915,6,74.99421215021624,27.09039420848679,9.3037777042085,3.4113851582097836
489,4G,Urban,97.25932478589894,4,54.76163626061111,10.760892875945288,6.74067521410106,2.4715809118370555
490,4G,Rural,95.1500079688562,11,119.31563550814425,5.085175767668283,15.849992031143799,5.8116637447527255
491,5G,Rural,96.63537203300767,2,62.95900856812494,22.916871454281175,5.36462796699233,1.9670302545638545
492,5G,Urban,96.16456288004554,5,23.57051051884315,19.360665483360734,8.835437119954463,3.2396602773166365
493,5G,Suburban,97.32660667364075,5,23.789331974231455,1.1169369145572507,7.673393326359246,2.81357755299839
494,5G,Urban,95.18721693618441,2,58.62546415178578,6.359544340723911,6.812783063815587,2.498020456732382
495,4G,Urban,97.63058193745036,6,115.15825672432169,1.7496430207486589,8.369418062549641,3.068786622934869
496,4G,Urban,98.29740679145415,6,30.918080553194407,6.866994846597451,7.702593208545849,2.8242841764668114
497,4G,Urban,98.17098485810416,8,55.40477223593593,5.4117622847214495,9.829015141895837,3.6039722186951404
498,5G,Suburban,99.26034724735257,6,49.35037242642588,4.680590545519527,6.73965275264743,2.471206009304058
499,5G,Suburban,96.80047232687876,5,77.05533988043524,7.051641475446866,8.199527673121239,3.0064934801444543
500,4G,Urban,97.8987499797197,4,9.938975504852968,2.1041351126220493,6.101250020280304,2.2371250074361115
