Region,Weather,NetworkType,SignalStrength,Latency,Traffic,ConnectedDevices,NetworkFailure
Northeast,Cloudy,3G,44.414852579061126,111.52944551822864,502.64613844068214,201.92967702770179,1
Northeast,Snowy,3G,28.668669649294895,89.5970827177239,503.1256217345774,202.58912747542777,1
Central,Cloudy,5G,53.684836033369955,95.56264485139509,519.5865476836709,189.61841892958677,1
East,Cloudy,3G,35.10849883238404,91.93781833190955,503.4515114980644,212.49530723651728,1
West,Cloudy,4G,71.26435588973209,96.29041980428445,500.3850364563481,197.78934463389675,1
West,Cloudy,4G,52.470266436051126,92.32712909774801,520.7767713291944,209.30959285887997,1
Northeast,Rainy,3G,51.64743787464385,115.00649789733042,489.57460552517114,214.62485708479593,1
South,Snowy,3G,53.001921626001945,100.85281317965739,509.07618276800207,210.24947556163764,1
Central,Cloudy,4G,34.07398915656391,89.23502731590358,495.88145488955234,186.3664374211975,1
Northeast,Snowy,4G,57.46259707466592,116.60042489483483,509.3666030984679,187.9358696604095,1
Central,Cloudy,5G,33.230915260307455,106.45169125372819,498.6934603103789,195.04732979058812,1
Central,Rainy,4G,52.419363694735715,103.8846641504829,503.4955210162506,200.86764205578987,1
Northeast,Rainy,4G,56.55610398252892,116.2543185915878,486.6083826446352,198.76692347995203,1
Central,Sunny,5G,38.68586388736391,96.77641449154757,508.2409845666263,197.9578063217589,1
Northeast,Sunny,4G,63.306170355095894,102.42157490741234,513.004941523308,201.14475959795496,1
Central,Cloudy,4G,58.82215782466808,107.15952417683901,508.1817280036412,189.09832150791033,1
Northeast,Cloudy,5G,43.470420087421886,106.3636572775293,505.37160501460954,205.74357992291155,1
Central,Sunny,3G,34.29006644325328,99.21761407656736,500.71324316124486,181.227760730548,1
West,Cloudy,3G,52.43964321279244,105.69414266901035,494.7839108814598,193.6657103580285,1
East,Rainy,3G,37.30310012926893,106.68649860160592,495.9839228934287,206.14129279450444,1
North,Sunny,5G,47.77458164085602,85.75416360268908,494.5547784130568,211.2428536833052,1
Northeast,Rainy,5G,70.18966111119863,84.68771936816623,498.69877370310115,169.93755571890318,0
Central,Rainy,3G,54.181870784677486,98.07700965970918,482.50011451176334,212.28228425498526,1
North,Sunny,5G,52.85689800267199,97.6906755012467,497.61728962193746,191.3593004791191,0
South,Sunny,4G,45.935377787706386,88.15695048980879,494.3197556670741,204.29116929161,1
Central,Rainy,5G,38.79577340088383,105.43296664082291,490.3926112166454,206.34903811584934,1
Northeast,Sunny,3G,41.228147993783,106.97313038912398,493.4395826019102,198.95157775901237,1
South,Rainy,5G,51.33257233861278,99.19434201687629,501.79065429273385,203.08545902639216,1
East,Sunny,3G,57.348935034743384,116.25467341955647,486.30863462650535,207.55668520646805,1
West,Rainy,3G,72.4113456902073,77.43867692507055,504.23683599627157,199.62499176925508,1
South,Sunny,5G,48.13636930123015,97.34286162388541,498.50960683829817,213.6240193543841,1
Northeast,Sunny,4G,34.66725396290875,101.89231979905928,490.5004204575322,190.75707541144135,1
North,Cloudy,4G,55.976526463532494,101.58877120991153,498.34116950016625,207.79834114078682,1
North,Cloudy,4G,53.79867850709081,107.27165744398029,489.4004992101528,194.81448392788906,1
Northeast,Cloudy,3G,52.05026687061879,106.06428013690072,490.7875488855709,192.35028246621403,1
South,Cloudy,4G,59.175452066641206,101.30454112088677,502.218835087721,199.8741993649789,1
East,Cloudy,3G,32.5077995698979,80.48392806459847,504.4257235356057,204.88250617984895,1
Central,Rainy,3G,44.88549444449769,110.54666578768763,517.8153668196704,209.81121188012514,1
South,Cloudy,3G,62.026273010476636,101.89696931217662,512.566858059021,207.38796517200234,1
South,Sunny,5G,39.176326612276426,114.88235316869476,474.43682132528664,214.0517005559536,1
West,Sunny,5G,55.25977558417617,83.30710653126016,499.33945001102524,203.02697994376732,1
North,Sunny,5G,52.1274483845974,85.68777244033126,498.86936535972967,196.50134161004206,0
Northeast,Rainy,5G,52.34137547113296,75.6980787284373,492.4681587559633,183.54076153553984,0
Central,Cloudy,5G,70.52166148009324,114.94251246256331,496.78007472706406,203.09968660984705,1
West,Cloudy,5G,42.15964125006026,109.38221997655732,495.2653787682445,201.22239751848497,1
Northeast,Sunny,5G,63.96848201813328,114.18556686391851,510.405079773491,192.62002050053877,1
South,Rainy,5G,52.881262367277046,88.33762106140694,486.28633131817617,201.90425355065284,1
North,Snowy,4G,56.287158608003054,90.95108073952133,502.943411876184,200.79830791882978,1
Central,Sunny,5G,35.50059820483747,94.95503515728367,506.6438753423563,183.96654090341258,1
South,Cloudy,3G,35.94245269347044,106.82636083568705,502.1629645840187,202.63689487069493,1
Northeast,Rainy,5G,55.287681057915734,88.91940961882972,482.9282527446913,220.62212524038256,1
East,Sunny,4G,46.89245528219201,93.35130457376019,504.68749784315287,198.7584079253318,1
East,Sunny,4G,35.38443822749184,78.93237908600504,503.4520177722947,190.51398094814164,1
Northeast,Snowy,5G,52.9789491647869,115.64269518946031,502.230875603805,207.44147788948118,1
Central,Cloudy,4G,44.7172102659802,83.97323855141406,505.47141675060476,207.8008072222146,1
South,Rainy,5G,47.06203349859206,84.96778065587138,496.4848819810072,201.56881147760774,1
North,Snowy,5G,60.65860998761637,79.26253812813462,497.6000178235344,203.6649866588694,1
South,Cloudy,5G,50.79000083611062,104.15065094935984,505.8009884163521,184.04615099824255,1
South,Rainy,3G,51.933957831617406,108.4711831897964,501.38217131104443,197.9993062755957,1
Northeast,Cloudy,4G,26.24333988907384,102.45896826912904,489.3386672852669,202.09529239702206,1
Central,Snowy,3G,48.08294086102863,110.83273243466216,485.67751344780106,197.24361233944873,1
Central,Sunny,3G,41.054673108636116,100.06284524891873,505.30502574167934,193.7420930622038,1
South,Rainy,5G,59.1974761432799,113.81783897451939,516.0626476045155,209.7800052417156,1
East,Sunny,4G,35.55482662997727,97.79513845832588,512.0353658190669,191.16289564103184,1
North,Rainy,5G,49.213823614585145,91.28321921163115,496.18429108202974,187.89317014193122,1
North,Snowy,4G,40.48149525325376,104.44619372401412,492.9650711834681,200.63263154804085,1
Northeast,Sunny,3G,54.7337250402596,102.72515825820909,520.6324700435191,200.39339126777463,1
East,Cloudy,4G,68.80435146402655,104.77350639736474,492.6098110300103,209.13850143408166,1
East,Sunny,5G,59.60138506479746,112.02238780415674,500.2892686406155,190.6413977787763,1
Central,Rainy,3G,45.40908936445414,111.24625499115862,505.4208992480037,203.5695989621781,1
East,Sunny,5G,61.411327315312505,110.8942192449005,504.98186142256156,206.65584943066796,1
North,Sunny,5G,53.822549391449186,91.23069549216345,502.25331888747803,192.8058395921992,1
Central,Rainy,4G,21.80069067996579,93.11041588541504,500.0759393537812,186.6745422622074,1
South,Sunny,5G,27.9596242474876,103.49890120114738,500.33967612351483,197.4969904041211,1
North,Sunny,4G,49.36776543517041,98.883976691571,509.0895982922813,221.38209047551538,1
North,Rainy,3G,49.59481649964208,109.08336161081095,490.96936760904,201.7958245946318,1
Central,Rainy,4G,45.25226354516292,111.2771200819488,496.41817436034444,200.00417963778142,1
South,Rainy,3G,53.721686814720954,101.53122562591076,503.1455217053677,225.32387600238343,1
East,Snowy,4G,36.62290576082201,101.57044247208671,507.71117751462054,205.362534949057,1
West,Sunny,3G,39.03876975261932,100.99126536154637,483.3624680496801,197.9991943419332,1
South,Rainy,4G,49.927999542096636,90.001000737363,507.1000325903705,212.53866888823748,1
North,Rainy,5G,48.101974802525795,92.94962519860339,489.3078934303884,201.70828079423637,1
West,Sunny,3G,51.211179983372055,89.60926433608219,504.50738790043545,223.79009013402094,1
South,Cloudy,4G,64.11876518894528,98.95286741374662,498.4103046073012,207.96905441376938,1
West,Cloudy,3G,43.92654401234545,115.78037507053098,519.2620756273258,187.73929407183692,1
North,Sunny,4G,58.847510547633135,98.93581119997012,500.3477596879344,191.95215021803347,1
West,Snowy,4G,52.11640977508649,100.43083008024385,505.6622676489595,185.42375513379423,1
Central,Sunny,3G,42.330133898642785,94.6669526657213,499.7348475127104,207.42194980069104,1
North,Cloudy,5G,51.49597478073554,101.68691325339432,510.6059233598237,200.20688507866618,1
East,Cloudy,4G,55.12499552221517,99.47103994583996,500.58587137542355,206.64750271953068,1
North,Cloudy,4G,50.69779213498798,94.87592912840303,512.4139233131319,203.81361281358454,1
Northeast,Sunny,5G,69.67898942928136,87.39685708656407,510.84429577384395,178.982956718902,1
East,Cloudy,4G,45.10049844839465,87.4782555253566,518.2349146929944,186.56428516327105,1
Central,Sunny,3G,24.765125297921227,92.85485467594262,495.834423701618,202.55517756641376,1
Central,Rainy,4G,42.14320403388004,94.21098967663568,504.0872693497457,209.54429076585953,1
North,Sunny,3G,64.69798926277288,104.99260031382798,489.34664305880744,215.23226707178839,1
South,Snowy,5G,68.71747818693925,110.27882094020751,527.6613991981189,198.18363066952918,1
Central,Cloudy,4G,64.80568055541889,117.29114768069533,505.3945394235613,169.52222687606402,1
East,Snowy,3G,44.05394166160495,95.21420100135805,504.02192637447723,213.85789422359807,1
Central,Snowy,4G,55.591592889031844,79.84794011644586,493.823225112384,177.85826266826345,0
Central,Sunny,5G,57.683429494861464,112.12972729226188,478.2913842916633,199.99046628746794,1
East,Sunny,4G,58.41492704470856,103.93887594810579,501.87931652271146,197.40024011331766,1
East,Rainy,5G,51.543171266362805,111.93170864975144,483.9624794433367,189.26082791354224,1
Northeast,Rainy,3G,56.87966952116033,120.81269628766722,490.36309943148166,198.18765366121306,1
Central,Sunny,3G,60.339632564990225,109.22563516848142,497.04605381300837,224.0622392285324,1
Central,Rainy,4G,70.33305298603464,114.57078625536568,498.40664575304197,216.51449830275243,1
West,Rainy,3G,62.440538958621865,98.80737526409752,509.8392268143073,197.9266122746678,1
South,Cloudy,4G,65.57968849152924,93.92051552714815,502.5231790573054,197.61237280111752,1
Northeast,Sunny,4G,28.83336239103,87.31194092424478,513.3348849950506,217.39323140242075,1
North,Cloudy,3G,54.36425129493079,107.22986263119222,507.2875928314378,189.3401088646107,1
Northeast,Cloudy,5G,49.69828333370865,90.16067116889943,509.44006142661493,192.22763565528288,1
Central,Rainy,4G,43.06131679191982,108.50205367131235,504.1720157437919,194.27997561736865,1
West,Cloudy,4G,48.264681709649835,99.34485490941267,496.947339476349,198.50714745276355,1
Northeast,Sunny,4G,55.91021556559876,104.33885480001643,497.0235742697857,200.90316691518927,1
East,Snowy,4G,71.55332748190617,111.8989105387499,486.36457828812576,215.4798705367474,1
East,Rainy,4G,68.00658629963567,108.96974438620475,511.19790350740186,200.04340865049522,1
Northeast,Cloudy,5G,40.22437874527313,83.9959643824213,504.19336469773964,190.71153982987232,1
Central,Cloudy,4G,48.93405239085348,89.56665156949664,495.67956235025866,212.3138093617943,1
South,Snowy,5G,64.25936581479115,111.52031402809516,493.05034008700636,187.7094755240738,1
West,Rainy,3G,46.53366816509178,108.53808562309068,513.9693093935564,191.44480795423647,1
West,Sunny,3G,53.060143980178964,98.61948150027622,512.3292109504724,194.0447920966402,1
North,Snowy,4G,49.07765795366719,91.33804401306568,509.72774396625016,218.9993966662289,1
Northeast,Sunny,3G,67.92155910760633,111.98835296711357,505.89349377378153,197.72370738515198,1
Northeast,Cloudy,3G,42.23518191940357,104.41775996588731,483.00502571321556,197.26350212321987,1
Central,Cloudy,3G,58.40009826745607,101.4178542046027,491.7679490269858,196.00177059313822,1
North,Snowy,4G,55.408692224813464,101.64318331901012,499.0509343072907,198.99628227722744,1
South,Rainy,4G,48.530012178029274,109.78924006865424,496.76569070450984,210.8900932454645,1
Northeast,Cloudy,4G,47.64584378086778,104.08665283372169,498.70754742047484,193.62205094883473,1
Northeast,Rainy,4G,48.45534481132024,115.34363533441021,484.9312668119683,210.35736507429505,1
East,Rainy,5G,48.52143000156269,87.6587886499093,501.1206637517824,216.58170206694157,1
North,Snowy,3G,52.4527783777843,70.86327557955028,501.4176103557856,207.64298080938508,1
Northeast,Snowy,4G,54.48780518566517,107.0132500456776,498.55607181547026,199.6964587813635,1
West,Sunny,4G,72.34478901349308,116.43690495252238,510.056550930766,205.9343375962411,1
Central,Snowy,4G,37.73124465486211,77.25113236177637,506.04684096949603,201.94055066383754,1
Central,Cloudy,4G,51.72121372335443,101.40842966557415,488.1622404918147,202.05068376004897,1
Central,Rainy,5G,44.141843407422655,96.32730293145781,497.8199719141686,211.54230224722775,1
East,Rainy,5G,37.94237871544461,92.49297972963701,485.664740277115,191.3720896425969,1
Central,Snowy,3G,48.47800019642333,111.01956697397424,492.65296963339983,200.71832907706664,1
South,Snowy,3G,55.038184184401814,96.10837682914033,506.30392472032054,189.36691247131378,1
Central,Cloudy,4G,49.28554342901219,84.74264096796318,502.95429811721783,205.25612854448437,1
Northeast,Snowy,5G,51.31458400781221,106.07245453683406,508.0022533800135,217.95108448343942,1
South,Snowy,3G,59.135947917791995,108.35434088215865,496.19901436489675,190.22525363061266,1
East,Cloudy,5G,53.41629219369114,97.1327882523876,515.3546844993452,212.7597729576569,1
Central,Snowy,5G,60.97842360888272,111.10348979914293,489.3500117489085,203.14373534199137,1
Central,Sunny,4G,62.21997120973502,109.63244987386544,489.963387883282,177.77559225409675,1
Northeast,Sunny,5G,48.30365880904845,116.42276057540438,491.75676987937123,192.51355297484682,1
South,Cloudy,4G,55.89722092741383,103.01918263049276,503.914883731305,209.700370736638,1
Northeast,Sunny,4G,58.8633019606159,103.60679175692997,509.8944207828831,212.6274248314764,1
North,Sunny,4G,44.49088817445146,72.96519870238427,491.0714535912227,213.9634149316093,1
Northeast,Snowy,4G,53.90593906199236,96.71337984837704,511.6884355740272,207.62151713652034,1
East,Cloudy,3G,55.80053248448142,110.66683108714503,504.0571919637924,200.9830770838829,1
East,Rainy,3G,46.970444620156826,82.40240779822373,495.555009717898,206.8686212728644,1
South,Rainy,5G,33.03820932304412,101.86804392477653,487.50112519141743,188.38188923638563,1
West,Rainy,3G,63.26809420041991,90.99352881772325,494.4938147339787,181.20903816734258,0
Central,Cloudy,4G,59.74262222128807,97.62923009114422,492.71478445985645,194.99948549025447,0
North,Snowy,4G,58.67846943031296,100.93079872539447,507.6172712940768,201.51179643112906,1
Northeast,Rainy,3G,43.965777012402775,93.34146591766076,487.13238705347266,200.63853165028223,1
South,Cloudy,4G,45.28140405566536,100.57774364013513,514.582044883874,201.85125034314018,1
Central,Cloudy,4G,42.68926164948939,104.33115963873111,519.2837356580892,207.55996052776916,1
South,Cloudy,3G,45.35679655502533,117.57583772231672,495.8700836591026,197.99479468747026,1
West,Cloudy,5G,48.31099219692562,107.15363946800633,510.9777202097163,200.1848607065643,1
South,Snowy,5G,49.86283900633732,99.59205510215038,487.8984297576931,183.9404275248461,1
Central,Rainy,5G,66.86639185804344,113.65817752562049,513.5444107278428,192.1393490034786,1
North,Rainy,4G,56.03286033673796,102.07960930680386,493.51689729856304,196.2207663971486,1
Northeast,Rainy,5G,31.851269556257755,96.0503780350343,488.4315066986136,200.47621019962494,1
North,Snowy,3G,69.81579164815192,94.96080528625737,510.886965586177,205.35850335004935,1
South,Snowy,3G,36.77900680055142,90.83182158259486,485.2891916430687,201.38652625472852,1
Central,Cloudy,3G,51.13469036715476,92.77637260511,496.03161779255356,218.9603749515394,1
Central,Snowy,5G,54.164614447561405,93.66054590106582,510.79681204722374,200.16171798945746,1
Central,Snowy,4G,40.51555127243864,93.76070699217257,499.4813483319444,202.6183898640638,1
East,Snowy,3G,74.53903345943571,80.23999552279166,495.8761560519967,195.46361151083235,0
South,Cloudy,5G,63.612101153211185,102.1746333232403,508.9628396013061,175.757496760628,1
Northeast,Snowy,5G,45.838059972698595,91.01706254167696,500.6092909384936,192.83350090180042,1
West,Rainy,5G,55.676867509345854,88.23696743076731,508.97757898715156,193.92259859833945,1
South,Rainy,3G,56.575244134851104,112.57694222243734,497.34240181287106,208.26480870360277,1
West,Snowy,3G,51.4596160971315,99.89515023143996,514.8010879195461,191.88318899675403,1
Northeast,Snowy,3G,36.15353379305397,95.83848144138551,489.1337482304629,194.398764549069,1
East,Sunny,3G,51.07695005646782,92.63198294678621,511.4162886432949,189.9016992390109,1
South,Sunny,5G,36.17133022745775,101.97326350614878,491.67639285703086,187.60444901187725,1
Northeast,Snowy,3G,57.280488624298414,95.90883386344748,504.29132861522294,191.36584695182185,1
Northeast,Sunny,3G,53.064098549852126,102.03149201591208,517.912650641707,193.4970300721131,1
Central,Rainy,5G,40.40172003086352,101.90714966716794,493.11411975363376,204.90662156609858,1
South,Sunny,3G,36.03371144211772,119.89809104243524,485.7980438271825,192.38974815505654,1
North,Cloudy,5G,63.10384702169971,101.78030734679372,503.769089416264,216.3370101734755,1
South,Sunny,4G,66.34195266577176,127.5072303053733,513.0294648906696,214.08921560271722,1
Central,Snowy,3G,48.35583559538619,102.02992112936077,494.60785984193757,201.25998947494963,1
West,Cloudy,5G,54.667254675921036,108.14169483332353,494.5271635013379,203.49216807898543,1
East,Rainy,3G,46.54390485303301,107.50278144199514,498.2455117027049,209.71609563251388,1
North,Snowy,3G,64.57955233565691,101.69072529455187,501.2754239437051,192.4771999548484,1
Northeast,Cloudy,3G,39.04698384930143,98.70090217019313,486.37088586650026,189.82665148810003,1
West,Sunny,5G,51.89287894235555,79.508761135464,493.739988738612,189.9804314330417,0
Central,Sunny,5G,44.451282872292424,90.5791346524507,487.3089994529692,206.52750082287943,1
South,Cloudy,5G,46.60954696790261,95.32400659505004,505.11253278539573,208.963900873486,1
Central,Sunny,5G,58.10703655349994,93.30268167511606,484.2997670692046,215.18624039456427,1
North,Cloudy,3G,58.83861203453074,103.67170160233434,505.89123947667514,196.32841480046136,1
West,Sunny,3G,57.86090640741111,87.27705265376015,490.2422549260905,198.39063645200932,0
East,Snowy,3G,55.982493746299504,70.4692489934873,500.61212371394754,200.60383147294925,1
Northeast,Cloudy,3G,60.14918982455158,99.36626832368013,491.5025866784008,204.21173226581948,1
East,Cloudy,3G,48.833700675996056,90.34767399121543,514.5863944850311,187.8339276833694,1
South,Snowy,5G,43.214706646352575,107.97602849999754,493.5926825223556,192.70224716825638,1
West,Sunny,3G,64.24462013132634,75.65823614157408,508.3582106872486,190.18432005443603,1
South,Sunny,5G,54.85962282927271,92.8448318074168,489.9158006906881,202.28946380204238,1
Northeast,Rainy,3G,38.86146900398867,84.74722465483933,498.57888538836454,211.97190957958935,1
South,Cloudy,5G,46.00848207149638,117.27303925061958,511.40313415002606,195.79288769408132,1
Central,Rainy,4G,50.5392042530578,100.9605864195142,518.1400918107498,201.45777509167382,1
North,Cloudy,4G,51.10956096068043,97.96763920693228,497.56489544098105,203.62542570136438,1
North,Snowy,4G,38.82330072988006,101.21254683103932,498.52060698092413,195.35205796081715,1
West,Snowy,3G,57.730999415388716,110.92498538085353,482.9181493068341,186.64947904573103,1
East,Sunny,5G,43.43690608769734,98.3712687900842,502.2505538920961,193.55182378471153,1
East,Snowy,3G,58.58513153447497,109.12483389547415,511.9964203278395,192.13244872897772,1
Central,Cloudy,5G,51.42055811594,116.18381328847835,498.8430579389146,217.33762691521542,1
North,Rainy,3G,57.94383417979177,91.36135434126957,498.89013028228266,211.05638510041112,1
North,Sunny,5G,40.25963776882123,116.30667777237565,488.6030829495279,207.9425667816207,1
Central,Sunny,5G,54.68605796499592,107.65809491326218,497.6209924823082,196.52802740382143,1
South,Snowy,5G,46.83178238708202,100.38233435216237,496.30646889953437,194.74346625916274,1
North,Sunny,5G,59.09340018105375,98.4626242767278,512.7041646058123,194.46425492994538,1
South,Sunny,5G,36.53237591236236,96.75706283182758,509.95708420522703,191.7332232086657,1
Northeast,Cloudy,3G,47.3908773388287,102.85344840443251,504.6313527424101,214.7190639911354,1
North,Cloudy,3G,63.64798809742335,100.11928237400157,504.80050268005004,189.9939761888968,1
West,Sunny,3G,62.3571173929884,107.57266933535405,491.98933009600177,196.01656995499474,1
Northeast,Cloudy,5G,42.3853783458105,108.9828185602804,496.07457441769026,198.9813648990197,1
West,Cloudy,3G,45.86290832325382,88.4346401516227,494.3343280547103,162.91203390676708,1
East,Cloudy,5G,55.14400936570438,102.70842577352995,498.630650113906,196.04810166968934,1
North,Snowy,3G,40.262503520419244,118.69615330504517,513.6583860555646,206.55971464959643,1
East,Cloudy,4G,53.274197716509875,107.52827213808473,509.3603565448391,215.22146758548047,1
West,Snowy,3G,48.31944934311635,109.98816644778151,516.1906848110808,207.85591130165304,1
North,Sunny,4G,54.54971890600973,95.45539058715019,493.66526214449345,219.9067601719,1
East,Snowy,3G,57.77954772792755,103.60515214944498,507.59596190885736,197.85556216167598,1
East,Rainy,4G,56.08638829873995,96.45062548567718,506.8076574865557,194.45770456852338,1
South,Snowy,5G,39.16189150013164,102.71390980997698,512.0205660106595,193.51127000632314,1
Central,Cloudy,5G,43.17669370142506,105.46463764147663,500.4558970350301,199.960188505063,1
South,Rainy,3G,31.725256459470096,109.11765322842002,506.40905313793786,207.6750003902252,1
North,Sunny,4G,53.40117706404645,97.04081578983116,509.09621131419004,202.92892569154716,1
West,Cloudy,3G,45.98941149875614,88.3227331238974,516.571424649277,217.17331113955552,1
West,Cloudy,4G,50.21382211104706,98.7872452416433,506.9339970587189,203.20431792946766,1
West,Sunny,3G,59.92460831494527,116.90177633345958,521.0097877277715,205.58136723026448,1
Central,Sunny,4G,50.921795096364875,99.16606378871117,496.9107135565026,208.80450194105646,1
Central,Cloudy,4G,41.6225201840624,113.38363731446385,498.2828243340378,204.18463859113794,1
East,Rainy,4G,44.760034265446436,113.46062976730451,498.58330214643394,212.09949258558711,1
North,Snowy,3G,47.948517710021314,98.63661652985513,481.96033359305324,197.7958307250179,1
East,Cloudy,5G,57.013241370487435,93.59602320941394,497.9940218506907,202.02664164463462,1
South,Sunny,4G,41.68498057043903,92.92883995367721,502.5563897513316,200.0266115812655,1
North,Sunny,3G,60.519504058282656,100.95301353873937,505.37360281449224,201.11896704488598,1
East,Sunny,5G,40.68732420283735,96.85336382653219,505.7567952253546,212.2222770835484,1
East,Snowy,3G,55.134954769210154,100.54076819846972,528.8423227657364,205.34246932875055,1
Central,Snowy,5G,41.819139503894974,93.05511713972336,494.0898682647289,206.4220977231126,1
Northeast,Rainy,3G,67.09161232978212,100.20545378887715,504.44732234163115,202.54401771650785,1
East,Rainy,5G,45.25820843420355,79.35114537953113,496.0314295508468,186.66526172822265,1
Northeast,Rainy,5G,57.367577554410886,113.89955366887824,477.26049790763454,202.73857280399125,1
West,Sunny,5G,34.90307240746446,115.39740762675879,499.2860813168935,212.61463984866182,1
East,Sunny,5G,53.53392837596908,96.04184379897336,512.2525873708902,210.832128219319,1
North,Rainy,3G,57.75445470763093,96.47944392288063,493.47112641800936,209.62416408283076,1
Central,Rainy,5G,59.81314127998781,93.02126231384113,484.85075724629945,204.77124347686055,1
South,Sunny,4G,50.66095559655773,106.09098606442714,493.5158642499716,180.78899246867036,1
Central,Rainy,5G,44.600655404611494,103.20227185499346,504.8452034547802,210.44561275785372,1
South,Sunny,3G,45.0802663086088,87.38350894160735,510.3486385677343,206.3478263997032,1
East,Rainy,4G,54.076562536249476,105.5256739065701,498.003335738626,174.109360653115,1
Northeast,Cloudy,4G,49.21729336196585,111.30983473135211,500.00710121565965,200.535406306155,1
East,Sunny,3G,70.35678319038756,88.76470879086006,508.2466733441056,200.39857541584973,1
West,Cloudy,5G,47.61466553157333,108.53386443329083,509.701968266853,199.3764535803122,1
West,Snowy,3G,64.47861436076744,87.48242313638258,494.8743234255571,211.0745693066895,1
North,Cloudy,3G,54.516327016495964,125.29564505462822,511.12870140768496,220.203595354706,1
East,Cloudy,5G,49.334714824479676,107.8654002698392,501.7778485382896,193.16302214745946,1
West,Rainy,4G,44.199719975115606,96.82030433565139,482.8345811181355,199.0138235635944,1
Northeast,Rainy,4G,58.08952899038995,105.43379568944756,498.48146638273505,192.95062085768396,1
West,Snowy,3G,59.55154116900823,89.37033343975006,492.72691937229695,183.295828606986,0
West,Cloudy,4G,60.35583287622973,110.79113303993927,488.4793833973506,202.343432388503,1
East,Cloudy,5G,66.75547393544485,110.73377922316499,512.7367424790469,192.50223155715895,1
West,Cloudy,4G,47.55800164807572,114.98094562571123,494.44657696136676,199.85660290026843,1
West,Snowy,3G,42.507930422857406,82.38633222526695,490.49864247116494,202.69022269261697,1
North,Sunny,5G,48.182247241170664,84.07856472205673,512.6376684605548,218.8599033588282,1
West,Snowy,4G,44.200629640870744,94.5891617032218,503.6122159640088,191.107563111059,1
South,Rainy,4G,48.97164479775601,131.21896897426043,507.49365942270043,217.28681575814306,1
Northeast,Cloudy,4G,53.01044476274451,105.27537158680015,490.4913771453331,210.6235670072292,1
West,Cloudy,5G,56.71747291077291,118.33922652193783,512.264221645337,195.05792545156723,1
West,Rainy,5G,52.77062750437512,98.3084882425668,501.0800074394697,188.6161861144425,1
Central,Snowy,4G,51.50134634006218,100.39590529777949,511.0449498544263,205.71494736463563,1
West,Cloudy,3G,42.17730979673672,89.69805980102059,490.52185244871555,211.43675739404824,1
Central,Cloudy,3G,47.13608126503223,103.02311305147643,490.24619764830663,188.8654199178474,1
Central,Sunny,4G,57.68517114149556,91.87915068056435,494.5769166387438,182.61573097179854,0
West,Rainy,3G,38.75707405794169,87.4466388431384,512.3772448552913,192.59682429252496,1
West,Rainy,5G,51.656589435685326,116.85665424892018,496.8625872264571,207.9876866147355,1
East,Cloudy,5G,49.32608764281806,101.77571308640037,504.30348441904755,201.8077423872584,1
Central,Snowy,4G,41.71537231032272,99.71291409787771,514.664557261574,202.068617804928,1
East,Snowy,3G,44.8375791299084,87.6706364600917,495.9921035502051,207.24623146764395,1
Central,Snowy,4G,53.388651570517425,102.84324449519231,512.819922530943,197.83595579040136,1
Central,Rainy,5G,45.06240057639544,119.31439151127057,513.7828409362268,201.61888186240256,1
Central,Snowy,3G,49.64004588022758,93.56469302295609,510.49125417240026,194.07498106198076,1
North,Sunny,3G,61.228639537338076,105.017189930277,497.76557090136873,180.66362958990322,1
South,Snowy,5G,55.35141435455321,93.4170975874078,513.9216400522138,209.09297226349221,1
West,Snowy,5G,60.199245795969745,95.98835794388823,496.9770356746131,200.09120719501877,0
West,Sunny,5G,45.10905214081093,107.50286910080948,508.29380793589195,203.3832518878458,1
Northeast,Rainy,4G,52.09818128710042,104.12234539856712,500.45616429321547,204.37441077665588,1
Northeast,Sunny,3G,38.31455685343391,90.5295334215947,501.2150729684074,198.75352261674956,1
North,Snowy,5G,54.83772740951845,91.61058747919698,493.28924573093457,188.5585085558294,0
Central,Cloudy,4G,63.93159969089781,113.67272806282082,501.33486745442667,194.3605213688857,1
North,Rainy,5G,52.20381582788034,98.35795895303484,490.1577551843918,209.71393102143097,1
Northeast,Sunny,5G,42.98292401875125,95.59403531533806,484.7065167948664,202.91044032861646,1
South,Cloudy,5G,58.487665026064235,110.78003372707477,490.32664803075295,195.53737513299868,1
West,Rainy,5G,43.61656139856998,102.91761442533547,489.44074186489155,196.27513878494645,1
South,Sunny,5G,62.221233023730534,106.49228790305098,495.652250702664,201.5154320843247,1
Central,Snowy,4G,43.045307686783865,98.24218078233464,480.9526112056526,208.1138811991716,1
East,Sunny,3G,45.156390557276445,114.89765140068566,490.7849460397618,193.75746579429304,1
Central,Cloudy,5G,43.372151985082645,77.35485020603883,509.2606824582791,193.19032216714538,1
East,Rainy,5G,61.09054047931586,102.86729839083792,499.1168112118772,204.96092338076872,1
East,Cloudy,5G,64.17043820947617,115.78783576612251,497.14121703806524,187.65110955874218,1
South,Sunny,4G,59.343097459212316,84.36310314654575,509.7836993776977,216.93937067097494,1
East,Snowy,4G,42.42450288760718,102.21286121730533,508.1136231740471,207.25878220553713,1
Central,Rainy,4G,43.76394565070793,115.12016000005723,516.4202421504494,210.35334686692212,1
South,Rainy,4G,25.649363102271764,104.62013309929284,498.34992638633656,225.69506152435932,1
North,Cloudy,4G,51.89628123305452,97.07680350661713,501.4100747969904,192.81568667380307,1
East,Cloudy,5G,70.14878561124213,101.53440975954271,526.4814398575348,198.6733758372268,1
Central,Cloudy,4G,48.99261754593995,103.13765923308388,504.4272027519264,204.39825807031082,1
West,Rainy,5G,69.3638930256891,105.75338864115585,509.23844184261014,198.26378054715357,1
Central,Rainy,5G,54.55061138938965,103.28760300342846,519.0780878898128,205.7758018033192,1
East,Cloudy,3G,45.667401165124566,101.19950680158742,499.23636800679367,173.36345859562604,1
Central,Snowy,4G,55.35173471049099,95.98931333076912,503.15853449947457,206.86417500446728,1
East,Cloudy,5G,44.33039024446756,84.92928076821613,521.349629396794,187.12367803554466,1
Central,Sunny,3G,56.537118802561935,98.94763031918733,494.22014613576323,200.72881532970874,1
West,Cloudy,5G,53.82441417819298,92.51453865379263,494.38535643131314,210.16820493446502,1
North,Cloudy,3G,54.550927369096456,122.3629962084824,502.05629814693486,193.8830033886702,1
East,Sunny,5G,39.251009426908794,106.24419412256552,502.38480811363934,200.60100193906402,1
East,Cloudy,5G,56.29699852712584,90.27079114008752,500.47071686807885,192.49470381846177,1
West,Snowy,4G,54.32976682727731,97.8357197172411,514.4058508060187,193.39358617115892,1
East,Snowy,5G,52.10570033958465,132.60491080691423,496.4842792139987,203.20301933048546,1
North,Sunny,3G,52.608890646820974,104.34142220262216,511.0026160323097,187.9071215820927,1
East,Cloudy,5G,60.79543620811641,93.55953984287208,505.43456460954104,179.6090448675628,1
South,Rainy,4G,44.78098185816845,119.42668124161504,501.37476345141147,186.2021758840055,1
North,Sunny,5G,44.81597100584478,106.14025647258481,506.31217200495195,186.79809764167507,1
West,Sunny,3G,51.76487310362625,114.85219241012726,513.4888034712128,220.52841613079872,1
South,Rainy,3G,49.922707777452615,102.9114430823604,502.4063274402515,186.52790519931474,1
South,Snowy,4G,26.504716930081344,103.05106733240729,519.5330325574599,207.0816445480024,1
North,Rainy,4G,57.22387928328167,92.34777633995307,510.38936761436435,192.95912364407627,1
Northeast,Sunny,3G,62.375720474841174,97.97598011368656,499.9752016887684,185.56313263272435,0
West,Sunny,5G,55.39780258991957,112.32213956339768,502.158194732186,198.67305778472928,1
Northeast,Sunny,4G,60.70895231339615,106.0588554795727,500.5505462198696,217.54811875599614,1
North,Rainy,4G,34.43236654121276,103.62040145859052,498.52277954916923,212.6047296235306,1
South,Rainy,4G,36.86242186313967,95.47438330798637,496.0719780348081,202.24786902732157,1
Northeast,Sunny,4G,60.9027450634426,93.8210753126762,493.21138206514223,202.84491785894517,1
Central,Cloudy,4G,59.403216205408796,102.56257792042935,504.46030955252127,205.9452107545652,1
Central,Cloudy,4G,45.318172086909556,97.75026700711685,482.90690304708954,207.88143543970943,1
North,Cloudy,4G,45.31417068089984,110.90434341399109,498.3127782180273,200.4595939611877,1
Northeast,Cloudy,5G,50.78348668962594,92.94394219527831,501.8306022037287,208.2501857972176,1
North,Sunny,3G,52.393308003974816,110.1938597696021,513.0562676156801,205.52823948071608,1
South,Sunny,5G,42.93142865939804,88.38067508343755,497.9381519937424,206.31718031850616,1
Northeast,Snowy,5G,73.55580258568206,127.50107199580755,497.17423901213544,193.44622483932315,1
Central,Sunny,3G,39.265323222605474,90.81991237778196,498.4546100577013,191.308060214484,1
Northeast,Rainy,3G,66.3265249769713,110.33925143085558,497.3287366405931,218.37238392774537,1
South,Rainy,5G,75.12407576578319,103.81148046654322,508.3622293682153,189.35939490201795,1
North,Snowy,4G,55.50095057027694,100.9906907592341,490.4501135211336,196.06896249662123,1
East,Rainy,4G,49.85801975588661,89.4266718282527,481.87665416229277,199.1994225146591,1
Central,Sunny,5G,61.73726997742588,88.91003306789077,503.4190502126547,202.63080801712223,1
Northeast,Cloudy,3G,36.570956017303914,105.86952291183374,501.61166169470044,197.01179612574342,1
Northeast,Cloudy,3G,46.56588900412032,105.38132964568466,499.8735618765822,201.26514454569667,1
Central,Rainy,3G,47.607032232005814,99.06387590716552,506.74449402403667,180.6569324255573,1
Northeast,Sunny,4G,60.019522677917664,105.61402049847743,509.38315715964507,206.64929019905827,1
East,Sunny,3G,35.99794956630891,96.12321816395769,496.1128350906277,194.92852257227838,1
South,Cloudy,4G,52.32360277683866,81.47672900984239,486.8483225757181,205.19062223604925,1
Northeast,Snowy,4G,38.068453539012665,86.13842055894762,503.9184368799741,204.52053758084224,1
West,Rainy,5G,64.30346598847927,97.35385296627871,503.43233798400075,202.30496621211714,1
South,Snowy,5G,56.93855763007922,110.44191088790865,509.15985355945793,201.60316428786996,1
Northeast,Sunny,5G,65.14636906580358,93.5236788641146,501.05862398048055,197.0614643928863,1
North,Rainy,4G,59.092161664531275,96.38240111679683,506.0973356784983,206.54536849827144,1
South,Cloudy,4G,48.18993861340386,99.55239692387826,478.9488881193721,205.59263689428636,1
North,Snowy,3G,57.10332496238625,79.39301485336085,493.71663851203766,209.1504998266939,1
Northeast,Sunny,5G,53.53207394507843,89.3077833471024,496.61420019261044,195.3737537994835,0
Northeast,Rainy,3G,48.48586769889716,93.48935998085128,507.9473921705531,204.0745843994711,1
North,Snowy,5G,50.9990554390241,96.74088687299806,484.1105271708389,193.4423625729431,0
West,Cloudy,4G,56.418155302416906,93.26075653270405,491.433493685892,205.75096363128674,1
Northeast,Cloudy,4G,82.54647293154127,98.04321441123048,497.65964228043424,190.8047753386055,0
North,Rainy,3G,36.99098243485874,103.36749048880789,501.42748336044957,198.4931644137767,1
South,Sunny,3G,46.58112263828715,101.46641284297462,495.4458230868846,200.05716086092892,1
Northeast,Rainy,4G,53.744363259545736,95.11620178736999,496.2519561550493,210.18209584552696,1
West,Snowy,5G,49.194481081807766,100.10924485573555,482.55757873060713,191.5961029366041,1
South,Rainy,4G,57.95071616805784,103.15341858900653,499.5040323797525,178.16651081570222,1
North,Sunny,3G,52.97309645680842,105.99231947112966,509.00577818193216,195.2295925922318,1
West,Sunny,4G,49.57296205276717,96.91092468394231,495.9980649898563,202.7291611425269,1
Central,Cloudy,5G,49.51190411894631,109.24334282991782,521.8577981227116,192.15836395071685,1
North,Rainy,3G,72.96443076805188,90.03658317826196,497.5647361081473,202.2435555774313,1
Northeast,Snowy,4G,53.34499201778118,90.90398923806711,498.71264660472076,203.311465091877,1
North,Cloudy,3G,31.121751607496474,106.36237375378926,506.5134501235305,189.3653663287766,1
North,Snowy,4G,51.28451737597753,81.81759566002853,504.3674354078348,170.9886121818259,1
South,Snowy,4G,40.77487269622918,100.35126669927737,509.58719428323997,207.887849831273,1
Central,Rainy,3G,52.859849407224594,116.51546269192241,493.9270781505216,194.50049780559524,1
West,Snowy,3G,53.298399536233426,95.314310772018,497.4379042786002,186.45621070045607,0
South,Rainy,4G,58.52166788251833,91.33380391335868,500.3956075825456,187.17422458442957,1
North,Cloudy,5G,65.27723619523765,114.07526457538373,501.5974336705074,189.89378236421453,1
East,Cloudy,3G,46.39806405390053,72.98164865850559,499.62687591753365,192.09939127402046,1
South,Snowy,5G,57.81799311312912,124.494597989581,484.4748600771378,203.10346274844576,1
Northeast,Rainy,5G,58.490854504508704,93.0000820642817,484.64981237334126,209.2607623363974,1
North,Snowy,5G,45.89718564029003,93.36806551624642,507.8396424788925,215.0139010715954,1
South,Snowy,4G,44.27413336153681,96.17281207841442,491.0723047414283,195.20598286294006,1
Central,Rainy,4G,60.14104931279712,87.84402004045752,491.41644645880575,203.83436262596615,1
North,Sunny,3G,62.44688046365097,111.94563431184129,504.4745554213297,194.26717377423066,1
West,Cloudy,5G,38.0390276817562,113.594114199614,499.2263865238083,195.24144663406574,1
Central,Rainy,4G,50.38727020369612,97.10635574882171,498.17927759444746,206.56223137535764,1
East,Cloudy,4G,56.77943784952673,101.32918641750274,507.0149686811899,206.11757575961315,1
South,Rainy,4G,54.30572672094049,98.22363294614627,499.9574101276079,193.38843315345846,0
East,Cloudy,5G,38.73453187716203,94.20799842278676,489.94146435251037,189.98333486379076,1
North,Snowy,3G,43.23494878550864,89.968201690772,525.2439653782322,191.1820089553323,1
West,Sunny,5G,41.68830114195335,100.02810515686123,520.4957492862454,207.82111276650943,1
West,Cloudy,3G,48.2536214819007,93.6371045432192,507.2068947119423,196.21024931093507,1
East,Cloudy,5G,70.00367511508081,96.96361463012143,501.46916276637927,197.4796126341371,1
South,Snowy,4G,51.63061067429416,110.18573303186041,501.34040886233026,202.73149317004206,1
North,Cloudy,4G,44.7271405575978,93.58541234568595,514.740466001461,197.0520754922747,1
North,Sunny,3G,61.180156545761406,113.72116846572371,490.3173181463135,200.62387396380166,1
West,Sunny,5G,63.528411746932726,99.98268301774392,493.58923734559284,183.00581054902318,0
Central,Rainy,4G,50.304955047535984,93.91116062189661,515.9712053429025,209.55937475764364,1
Central,Cloudy,3G,30.751883220373337,94.44457838424564,504.57622103733286,210.10162453527155,1
Northeast,Snowy,4G,50.925406154936226,107.44991419614082,505.65773699672064,212.14420803468676,1
South,Sunny,4G,51.10821095133803,94.96843767944986,490.2637799038437,197.85588138293306,0
East,Cloudy,3G,37.94996478900973,102.29711016802297,499.27152832947826,190.52485526348607,1
West,Sunny,4G,57.59387939309157,96.07570445542184,503.2626978292838,215.26332728412694,1
East,Snowy,5G,46.80992333247176,106.63656027937674,506.62117291482025,205.35168309274744,1
East,Sunny,4G,41.575995174632034,95.42935793955652,489.3635412327006,205.527577449847,1
South,Sunny,4G,45.653549102098054,88.0645772556497,497.0018654303134,210.9242200229436,1
West,Snowy,3G,61.03130706069741,105.07134489545268,495.8809416007245,197.65375702621145,1
Northeast,Snowy,4G,52.43632500007374,98.79038189613277,502.0232681488414,200.2696115618635,1
South,Sunny,3G,57.89134025146679,101.29317598150126,491.03968436234413,197.87316829779078,1
East,Rainy,4G,45.304478209386666,88.73908091172784,486.38527663867274,190.70366047822503,1
South,Sunny,5G,41.335793885514455,99.09625968881559,504.12630623065877,191.2817223344211,1
North,Cloudy,3G,65.57098540624207,104.0827164090203,487.7947582528195,213.78671417303588,1
West,Snowy,4G,47.82269015511553,115.05415600508462,504.0884901899874,189.3506671084186,1
West,Sunny,3G,38.33991110924775,95.40323131510706,496.48374832139075,197.63512351095727,1
North,Cloudy,5G,71.10354367820395,98.55531584700206,516.6706243614218,217.6299031537577,1
North,Rainy,3G,41.85036015434557,116.09074172473282,500.84058435836937,201.30266618869024,1
West,Sunny,3G,61.87044111718976,99.62626140201387,498.157619605545,204.74537346465533,1
Central,Rainy,5G,48.78296045582133,101.59876634014178,514.9584491765324,202.02678363385192,1
North,Snowy,3G,39.33278891173784,106.84842737331576,487.5895787879636,197.59337539562466,1
South,Sunny,3G,60.076534926003966,103.98695183622237,500.39345842456305,195.03907376340092,1
West,Rainy,5G,46.64604277226207,105.74701261665349,496.84903266967893,185.93525995965538,1
West,Rainy,5G,67.71095899310555,98.41736118596009,487.14197365935473,201.01950967406336,1
West,Sunny,5G,41.379501185955064,95.67876290675946,522.5882712190819,195.6968415535455,1
South,Sunny,4G,46.83441647737488,68.12188523959857,484.15716107373356,186.71455321883602,1
West,Cloudy,5G,62.47895958107921,108.71075728845595,490.7570427684837,208.51245781729412,1
Central,Rainy,3G,42.073057178139216,89.4808507494431,495.4284003644855,209.82494339140578,1
Central,Rainy,3G,57.68897363224473,100.38300587522424,506.8213596674558,201.34412527902276,1
East,Sunny,4G,47.41599279792832,92.36875611732341,512.1278438913042,196.98397866356953,1
West,Cloudy,5G,49.70565269090509,122.65712690495693,498.8626142681536,221.22026046300687,1
North,Sunny,3G,41.27484684408128,104.42785525321852,485.15112101756114,214.28060777123247,1
West,Rainy,3G,54.89255916999444,93.47490859579275,502.68274939789524,205.78302282111278,1
South,Snowy,4G,64.96007212717178,97.8358882500741,487.0928248021159,197.77890038067414,0
West,Cloudy,5G,34.784723466076876,92.2898258163475,504.5939041632785,213.18105360497066,1
Northeast,Snowy,5G,63.87644307057657,88.35189060661396,485.3904074571765,202.42246983931625,1
Northeast,Cloudy,4G,47.29379420472063,73.50900456732941,511.0835508351264,203.51955365935015,1
North,Sunny,3G,51.01356711546551,98.26720708226104,509.9433607987793,207.19250983055332,1
East,Snowy,5G,61.06990412978503,98.78903311534206,501.2214071407405,210.91149092535503,1
West,Sunny,5G,50.351478814245084,93.10522175216428,495.49378715925104,173.8070105049907,1
Central,Rainy,5G,65.61906424766106,107.01292326752232,510.94339786402657,203.27289269283412,1
South,Cloudy,5G,47.822264176081134,87.65407554215761,501.6855830129804,198.16665656499214,1
South,Cloudy,3G,76.32924436929852,83.26515200323885,496.59083293908066,188.83325933289854,0
South,Cloudy,3G,40.3293175652793,100.76238227681574,512.1166848601092,203.76177551283735,1
North,Snowy,5G,63.386217343904505,97.34224303545723,495.33372612440905,210.0303897876246,1
East,Sunny,4G,51.82806909205337,102.7522128875783,497.1893236205863,210.1662967488631,1
South,Rainy,3G,53.939119732361526,97.4515816194598,494.54890009776665,196.79715387233725,0
South,Rainy,3G,26.671621994757515,90.21543746600793,501.84132773022543,200.4239498673879,1
Northeast,Sunny,3G,66.6444025394821,99.24620387577234,497.4851074250851,210.71023946360768,1
South,Sunny,4G,56.97623370732438,84.89769754583102,510.4531143010396,211.41171183853794,1
West,Sunny,4G,54.86127690087316,94.8504074067931,477.30626070845824,199.28658302709655,0
South,Snowy,4G,57.88963355234398,100.16129295245021,490.2972321606416,207.12031720988386,1
South,Rainy,3G,72.78333029161632,101.1636345136596,500.71864164458333,200.39842322188179,1
North,Rainy,3G,50.18780304316449,108.49010913276553,489.770544797665,191.47457756940975,1
West,Rainy,3G,25.74785722127399,88.50370801049186,495.8538425022303,205.71767054571168,1
West,Snowy,3G,47.578507741760696,114.20176962693374,491.90672574317995,221.31770082062164,1
East,Rainy,5G,34.47622538414939,98.79729409797464,492.4153703770013,213.48386371988155,1
Central,Cloudy,3G,51.98485319338532,82.63183591455974,509.31340923183,211.17335540001983,1
Northeast,Sunny,4G,44.737054687730264,93.07015802668501,477.98333863201924,179.45559778012355,1
Central,Rainy,5G,51.32136721335981,96.95590253662188,506.23949941845467,184.16812671030303,1
Central,Snowy,5G,33.74964030753092,97.858254628645,503.5505627823892,195.3305772424618,1
North,Rainy,5G,53.744806464084455,109.33945166101736,484.90225706845786,207.70103566558456,1
North,Sunny,4G,51.70831898413297,78.05751756454468,500.4235213076743,197.37388643015043,1
East,Sunny,4G,56.49961566153887,85.57273278626754,505.32411316043033,192.04552764133012,1
Northeast,Rainy,4G,53.22490715672817,108.0889292010601,501.123621269258,206.47010364382498,1
East,Cloudy,4G,47.67106586762901,114.49030231279241,477.1028445020737,197.1781223918547,1
Central,Snowy,5G,60.54666312043186,97.14360432501411,503.36992910894406,201.41778370691435,1
South,Sunny,5G,36.72063486231548,96.85593988446404,510.7638753960887,204.94725180453997,1
East,Rainy,3G,43.86203123157124,113.92545253725957,503.656485866559,197.70946443367885,1
North,Sunny,5G,34.616300010318966,110.90749351990426,491.5762919427266,202.03395310050254,1
East,Cloudy,5G,25.475930765677376,86.80678086220237,484.59914024988296,185.88148291678056,1
East,Cloudy,5G,54.7032231052829,108.87031022132906,508.16838709632253,197.5986108597569,1
North,Cloudy,3G,49.32122227927023,107.56498927840157,491.8824122305039,194.4737208992377,1
South,Cloudy,5G,54.57229874827689,118.5256472877505,504.2935023542247,196.25346032188352,1
East,Rainy,4G,55.6628087971737,104.11026654818728,510.56184139626095,213.86540134991816,1
West,Snowy,3G,44.87670325577697,104.55014061382096,513.315880324877,190.63306520189468,1
West,Sunny,5G,41.41894455231807,79.2592404023521,516.3058197033006,205.44037856773778,1
West,Rainy,4G,63.263421979872206,95.46258387161672,486.02502676080735,208.00157962585735,1
South,Snowy,3G,55.42826559319025,116.99494452671345,500.77010757492945,195.78457784340682,1
East,Rainy,4G,56.763100599975786,93.50481789096169,490.33476599072935,182.64946394564072,0
Northeast,Snowy,4G,49.589845789965366,111.13360505943939,489.6191149618371,207.90870112203893,1
Northeast,Sunny,4G,47.24489709531599,86.33268266517094,486.73801844357115,213.6586533518599,1
South,Rainy,3G,49.45191365082522,82.66616137945086,503.94396524182844,207.60490732920502,1
West,Sunny,3G,41.46060291612307,108.42831244728431,497.5002508136193,199.76131595995273,1
West,Snowy,5G,55.82448124654831,109.1509473958295,517.2887988739668,199.0938843976874,1
Northeast,Snowy,3G,41.81383320395423,98.03672443974628,506.9172108070769,202.49365591126607,1
Northeast,Rainy,5G,38.628586194637776,103.63182298291271,517.8587112430412,201.35108067134064,1
East,Sunny,4G,43.073384421698975,100.34131981511578,512.5996350234159,208.76789554553955,1
West,Cloudy,5G,62.60207406078838,100.92857623971702,505.49215182500046,190.93587237810357,1
West,Rainy,5G,40.2104475389273,101.70531860387999,509.2441018727499,201.03279153006943,1
East,Sunny,4G,61.590152448971565,101.73961149685708,507.96995863722276,189.33783278956298,1
East,Cloudy,3G,59.44490972391197,103.98983328790584,496.4051120979638,193.46704022140605,1
West,Sunny,3G,46.1962394578041,89.86970490389851,503.3658670142228,211.07565323308623,1
Northeast,Cloudy,3G,37.98969833923075,96.96240218480226,498.9757823398302,197.12727507884537,1
East,Cloudy,4G,63.25964674285234,80.50768716834735,487.53221752162136,191.515832718382,0
West,Sunny,3G,68.3760673306471,99.74178814951641,508.73771996048794,204.3830370476835,1
North,Rainy,5G,62.977549852596724,116.32854187273293,506.6766079264692,184.93758614373692,1
East,Rainy,4G,65.95609823010949,110.55544602131975,516.2483904465485,201.3732557585523,1
West,Rainy,5G,39.62546599286254,99.72144444622666,501.68922623332276,198.89891315743932,1
North,Sunny,4G,69.65341461722085,101.5710869450332,489.2395722055135,218.8547672126629,1
East,Sunny,5G,63.30183086306214,112.38237940646432,503.33012047116256,203.21376319081457,1
Northeast,Rainy,3G,41.24974592343755,96.62471714150139,515.2298055190995,191.03434822595722,1
Central,Snowy,4G,38.8531463874002,113.82641935664194,493.85991392928594,190.2362035147992,1
East,Cloudy,3G,48.312032132978544,105.81432518797614,506.99020308583897,209.64415005616203,1
West,Snowy,5G,44.04898205845281,106.37371977587793,489.35141595270045,196.4154739401285,1
South,Snowy,5G,57.869695655549954,111.10117606666317,500.1536477589331,188.6483817096809,1
North,Sunny,4G,53.77727662321635,117.67829058405178,499.1083341836503,200.84039209049868,1
East,Rainy,4G,48.04702304417906,98.39262558688137,504.77943877333905,199.89322135733357,1
Central,Cloudy,3G,31.44162229049676,115.14782046194154,505.9476491477693,210.29712895535158,1
Central,Cloudy,5G,51.21146901849897,111.05904985917272,507.24596996442466,190.76693898149466,1
South,Rainy,5G,55.58769784560627,94.19176047153498,485.7114276345581,208.1649602389336,1
North,Snowy,3G,61.26200087189141,122.93977283293148,494.8241394753373,189.0324283297068,1
East,Rainy,3G,51.018607063798534,114.81515792841583,498.352590698959,211.4455034574438,1
South,Rainy,5G,56.97776901011213,105.75033035109018,500.6423083370333,199.13683654555066,1
North,Snowy,4G,65.63735616049799,115.72242166519652,494.0480326905771,191.4540956535421,1
Central,Rainy,4G,49.83601223744211,91.63822118512704,505.6870901603567,189.59536229380723,1
Central,Sunny,5G,60.090652960473285,94.80066765507459,499.99443704245164,188.9441529098604,0
East,Snowy,3G,40.927399532388776,79.93221312233518,515.1674228812178,197.0926278019552,1
South,Sunny,4G,26.958976602427136,98.98136605634343,496.37243467200443,206.8860805369003,1
North,Rainy,5G,71.7373837346824,115.89164419247926,504.64802130831976,196.36959226590548,1
North,Sunny,3G,56.41250393328389,105.29893154883773,510.07507394826655,194.5752445006018,1
Central,Sunny,4G,42.209861569663076,96.11171146691426,487.9506439877196,204.9091534892666,1
North,Snowy,4G,49.05897351540483,107.43876624514638,492.19044808134055,197.96176874879427,1
Northeast,Sunny,3G,68.70663376192468,111.78228092882561,511.05613112948726,216.09282524488322,1
West,Snowy,4G,57.840331804651036,111.20737444816652,487.78504936933433,200.33114611391733,1
Northeast,Cloudy,3G,49.84347938377831,99.10876870466767,474.50576944415303,198.51152484837885,1
North,Cloudy,3G,55.91108613538543,90.1377551371748,496.4584721006148,192.12259839104368,0
Northeast,Snowy,5G,57.13061180926604,106.72607728782654,488.5792176090562,204.46106362507908,1
Central,Sunny,4G,48.2562496963469,99.12801351236851,490.9150360810672,173.56483744201947,1
West,Cloudy,4G,36.19456654752591,103.5588937755432,516.9451176169849,199.79823348298729,1
North,Rainy,4G,38.61332061529087,101.34472842062912,496.21771897634426,201.73486973227088,1
Central,Sunny,4G,53.81839060840984,100.76988419724893,508.357540138575,187.0836528386561,1
North,Cloudy,5G,58.16871780020408,102.17831879512215,506.3309493470538,202.70206291238313,1
West,Cloudy,4G,49.269665201811975,97.28179696720346,495.3764747620668,199.37953811418183,1
West,Rainy,4G,40.05000106789642,91.56099213087899,500.2116814441486,196.21545346422542,1
West,Snowy,3G,44.93389493300382,109.83117632976547,490.56135409577155,194.20926899080598,1
West,Rainy,3G,62.61933876731535,90.29247712436899,504.25535774857264,191.0604460923742,1
Central,Rainy,4G,54.871644402201916,95.79641278547012,494.68110642498243,216.0016363886506,1
Central,Sunny,4G,58.94577679243757,111.6049353739401,491.75300139643207,209.63451222285542,1
Central,Rainy,5G,46.063905626514064,90.76666055631212,500.7226190097399,187.64625092873115,1
Northeast,Cloudy,3G,46.37262086515552,95.11150157257231,496.5841207849127,185.67403370208459,1
South,Rainy,4G,56.45615474169737,109.7731851606433,493.97598377865637,213.56433710165732,1
East,Cloudy,3G,64.01565737515327,101.99297309992065,485.18221694503166,194.1297818164879,1
North,Cloudy,5G,47.42459779938251,98.10604859252786,507.9424559100097,213.2857947142146,1
Northeast,Snowy,5G,48.37120422540559,86.36921655102306,484.7016709179673,193.94131553836706,1
South,Snowy,3G,42.39599925666694,104.3608195512725,489.94693976518533,211.31638119668312,1
West,Snowy,4G,47.81379288841269,101.93373173825456,497.13876409957055,212.34247815427474,1
Northeast,Snowy,5G,42.74866906483639,94.89304730245837,486.80936138515034,178.97098268944967,1
North,Rainy,3G,52.97127352119404,104.2713372868766,499.8206451942486,190.36357698173632,1
Northeast,Snowy,3G,51.1462150919999,115.41672811796367,495.37043897391527,209.64979550486137,1
Central,Sunny,3G,64.40073516533454,95.627405946223,484.163501748395,204.40784932342177,1
East,Cloudy,3G,60.03213199739024,86.11815289825793,494.5188605177428,204.36961075390394,1
East,Rainy,3G,44.56128134220684,112.10690573755903,509.96350987590785,182.49592264552496,1
South,Cloudy,3G,35.68482002276686,101.81764683199764,492.197870776336,196.30170911455488,1
North,Rainy,5G,40.768673895421514,86.63991633364542,503.73324144497764,193.52209955246803,1
West,Rainy,4G,39.658988105430694,102.25698137811523,503.780707960014,194.789980609928,1
West,Snowy,4G,39.04654436143083,91.94942607656597,494.49862288521933,195.09778407984712,1
Northeast,Cloudy,5G,50.36874804186346,123.6161144400469,485.3113243513401,192.88208832530546,1
Northeast,Rainy,5G,59.14021959218205,90.36522462264807,513.6647284234336,216.30734954636372,1
Central,Snowy,4G,24.981971386121366,99.59244150153378,517.4768746428299,209.5300159276598,1
Central,Cloudy,5G,21.937828905014566,93.26526477349209,503.99398749278515,198.1982644346492,1
Central,Sunny,3G,55.12466516190387,108.1354803997055,493.94758490074815,212.29050306347617,1
North,Sunny,3G,52.99850951770746,102.2085887245946,524.9886738616578,195.767077583086,1
North,Rainy,5G,42.48873943073554,93.7539909323166,484.72901085017133,191.98426061921322,1
Northeast,Cloudy,4G,62.80734458560394,101.47540911865329,505.0745433828654,188.8944375103299,1
Northeast,Snowy,3G,60.831785970562564,109.58288429705001,498.57910124910336,200.44407212786356,1
East,Rainy,4G,68.28593613064997,101.59964855773815,499.8564553343585,189.2399434986109,1
North,Rainy,4G,64.85868275517684,102.83590011522833,505.5395604708228,201.71598773067956,1
North,Cloudy,4G,59.26720997771525,102.4892909531666,504.80598712938985,200.81142518955411,1
South,Cloudy,4G,45.265419063676404,103.92597664465984,504.28920398180986,205.88206407040076,1
North,Rainy,4G,41.2094911482411,110.27694593501478,511.7685624361858,206.47325611462225,1
North,Snowy,3G,32.32702646889424,102.24848816045639,511.2209023032227,212.64468490678107,1
Northeast,Sunny,4G,45.77458889594962,99.04714652854996,506.87465289769483,191.12607609892473,1
North,Rainy,3G,35.21852912198338,94.84991723644308,525.1443863661734,220.02907340126666,1
North,Rainy,5G,64.32170143524633,86.45719945564518,498.170065781933,196.61401603385013,0
Northeast,Sunny,3G,35.903062304665326,118.87335898894415,482.68568571102736,190.0235810120237,1
Northeast,Rainy,5G,40.69118805806596,108.49635001759867,524.894610812607,203.69123654337355,1
North,Snowy,3G,38.283301419327096,101.17884506103356,509.5913293032548,198.02389521978318,1
Northeast,Snowy,5G,57.28469912472934,86.61840931376878,489.70333771720556,204.74823744989627,1
West,Snowy,3G,55.56217578997503,107.64698334664673,503.7971052423456,198.23378246039596,1
East,Rainy,4G,43.79154780717357,78.43399303367212,501.03772836800437,197.08478689082503,1
East,Rainy,4G,53.09877284583147,92.97252223300613,503.77464719053984,198.06081458076125,1
South,Snowy,3G,46.20670080161671,104.38662206351084,497.42010694826064,206.16225778793552,1
Northeast,Cloudy,5G,36.04666273747204,107.04222289484417,499.1076133345758,195.16227241426,1
North,Sunny,3G,31.755591133235374,101.33106902463963,514.4200579765352,179.66059383111502,1
Northeast,Cloudy,5G,46.611403299006405,107.9106970227611,498.268468982003,207.21696518445577,1
East,Sunny,3G,54.205451092281194,107.70847277408579,499.52316864758774,185.379664832324,1
West,Rainy,3G,45.71157064369562,118.73917421030035,475.87886094949585,206.09851543799616,1
Central,Sunny,4G,66.29323336618026,88.98859712022428,489.5217794587231,212.86482064644474,1
South,Rainy,3G,40.42291751110262,114.32872431267081,498.1987386890218,200.6676212535439,1
Northeast,Sunny,4G,46.22721794116311,96.99618259480229,496.6774225531065,205.4804497400597,1
East,Cloudy,5G,37.71199581447863,100.67990907581166,514.5328230625247,199.31472755142477,1
South,Cloudy,4G,43.26376858966597,91.61406847036136,493.8794377353659,201.7465468063897,1
West,Rainy,5G,48.95518653623134,112.06551936236775,508.65952683916646,179.84816335642262,1
Northeast,Cloudy,4G,50.63179227556516,88.47830620479981,493.5114781659011,228.40886393001497,1
Northeast,Rainy,4G,46.41390680542458,101.89563856434631,503.3019867416559,185.50024401598293,1
East,Cloudy,5G,53.557929749276624,89.00937179428351,496.1920556886079,204.86038681642748,1
South,Sunny,3G,58.57774606995162,99.37588460864384,492.3790471505435,193.61908453394952,0
East,Snowy,4G,46.0247017904454,92.84329986282361,488.3653836810001,185.4937834664719,1
West,Sunny,4G,54.59497306070692,124.19791733010463,507.1827440697446,214.66824416404768,1
North,Rainy,4G,48.910239077046505,86.51846425981734,490.21152161676656,205.18492845964124,1
South,Sunny,4G,33.73988908223447,104.93653565306089,506.126291196872,213.36265360422232,1
Central,Snowy,3G,63.49739529550625,85.48893612829991,487.2020201388053,204.5497616911902,1
North,Sunny,3G,58.551533654820226,97.38670940548532,498.01933502475225,212.61013976580008,1
North,Rainy,4G,40.60594216199483,105.19546329774396,502.9705577149191,197.23782003999574,1
North,Cloudy,4G,53.36160046276041,103.77614506328939,475.7695350099847,214.9093682720173,1
South,Cloudy,5G,58.551086321546876,105.79007700149263,498.99690359007445,199.1381266418189,1
Central,Sunny,5G,46.169165864474365,103.41700383630938,504.2015329398629,191.49699183964466,1
North,Snowy,4G,60.420194831629374,122.20018734423263,496.51017948931667,198.9911462445393,1
North,Rainy,3G,50.06803098392771,83.31561246097371,498.52193496452884,192.06503541664688,1
East,Snowy,5G,50.669818078187326,91.82704539119358,505.35045191704,202.40202428563956,1
East,Snowy,5G,57.179903099161706,109.15417021230274,494.9495134881971,198.47115880739062,1
North,Cloudy,3G,51.51397687893207,98.58706936793905,500.592942270721,206.69123991029298,1
Northeast,Rainy,4G,48.87646108529619,99.35938961466111,488.576603202333,194.28630240712266,1
West,Rainy,3G,54.11786291045867,96.33268451960981,495.5784502976348,205.7473624647703,1
East,Cloudy,5G,50.75672294047235,90.13074675831348,536.5770180399908,200.14819231562964,1
West,Sunny,5G,64.28031485234789,112.15321574678079,516.5909552091972,193.33690878050913,1
West,Rainy,5G,28.438989686251833,106.0730736336004,510.6927945757244,194.05126638833758,1
East,Rainy,5G,39.422843519299455,89.68265420203488,507.590903953884,212.750930218817,1
Northeast,Snowy,3G,32.0053606852461,107.30327005923328,492.53212650463144,202.2008232956098,1
West,Sunny,4G,58.92589517114352,113.51502903456121,508.04770521893766,209.8000418456638,1
West,Snowy,3G,45.07648987860439,118.42651372883343,523.8019013875477,186.93150142544988,1
South,Cloudy,4G,30.838328203341213,109.20725512893893,496.920976577294,184.93874522311168,1
Central,Snowy,3G,57.00925715437103,92.30689975508065,497.1899468596993,202.5215550566762,1
West,Rainy,5G,36.88627274912348,95.7501462662335,499.84707339038545,206.12232686791106,1
Central,Sunny,3G,64.3854248451229,105.29880696386645,508.2145442925341,193.70727209226087,1
West,Sunny,4G,29.02104558691326,95.69413439817721,498.2448257221295,201.87914711191917,1
North,Cloudy,4G,49.63466650081389,102.40424876838786,504.0710541544607,205.275150157556,1
North,Snowy,3G,39.4252880780419,106.61789454690735,503.2456753487414,207.53433693247337,1
South,Cloudy,4G,57.37373135260824,116.90009933603761,489.06513266314033,204.46979556121255,1
Northeast,Snowy,4G,48.01260963983377,80.06781176589385,490.2442943407705,212.5934712807444,1
East,Sunny,4G,30.516527405727285,102.49584561789169,517.473763597099,227.27359702409498,1
West,Cloudy,3G,50.064794842207164,90.22019789457475,499.22847351391897,207.99806292820156,1
East,Snowy,5G,37.42788725142462,107.9908821218824,487.4056738956244,211.0228937492915,1
West,Snowy,3G,35.79015438927221,89.38218946039947,496.88648573223975,203.2036856429274,1
East,Rainy,5G,70.5685222073102,106.36409546420714,500.4145712113409,201.10165348694542,1
East,Snowy,5G,51.95375284351744,92.86109012566733,492.1617187007615,215.73412147525846,1
East,Rainy,3G,32.273898716841785,80.14337843600686,507.448964184471,206.90266399172918,1
Central,Cloudy,4G,48.26113358410832,106.75696949394388,504.12782752823927,203.0235869301691,1
West,Rainy,5G,46.39967885345139,84.82693784321506,500.3675822654943,191.28788997651543,1
South,Rainy,3G,55.6481414968293,95.15942980672202,520.893426498518,200.87779434808968,1
South,Sunny,4G,58.1223978093922,87.58766092639127,517.5061075123093,188.87022688861836,1
West,Sunny,4G,27.593262135802522,102.80110261046585,505.39654595253967,211.29654548720308,1
South,Rainy,5G,46.963832946922416,110.40909350306113,502.09390466692815,211.10173940938103,1
West,Cloudy,3G,56.71037012679806,97.51641973587876,499.8791798956285,203.0427839163253,1
Central,Snowy,3G,43.720834774019174,88.40245552897866,497.91660845934445,190.81611511279343,1
South,Snowy,4G,46.77860424809936,105.89948484554942,495.76224544392005,206.47098393305808,1
North,Cloudy,4G,56.462973694035725,98.88981126392845,496.6062299370189,191.6522482070661,0
West,Rainy,5G,41.61803685990481,87.4629987010178,505.0660402750198,195.07774478646257,1
West,Sunny,3G,45.64795671383033,82.99790257482343,510.51183780149904,201.68209014684058,1
Central,Sunny,5G,48.17098342884782,110.10702164586111,493.8190337705161,194.19309585070357,1
North,Cloudy,4G,66.79791685083958,97.75166496952752,520.1182599644262,188.8816177626314,1
West,Rainy,3G,48.87376170737214,79.35302510041248,487.24203844700037,200.84201008339372,1
Central,Sunny,5G,53.69577602687485,107.2441047143353,494.4843919107599,199.20703342471555,1
West,Snowy,5G,46.281268391445934,86.07610472216314,518.0266095117544,216.3092313762363,1
North,Snowy,4G,62.133813999049934,96.72679803725144,484.2907194287823,196.34728747392498,0
South,Cloudy,4G,63.35655897144562,81.40220447029091,502.9905507482104,213.93168637167472,1
Central,Snowy,5G,52.36424676262449,75.9052567878171,516.5848504196808,210.26256426270984,1
Central,Cloudy,4G,49.367108788610366,90.93430118222867,484.655198685947,196.10283109806596,1
West,Sunny,3G,55.97274887556583,82.9069035479219,508.81162468436696,196.72063477622495,1
Northeast,Sunny,4G,58.299621730713724,106.88266734050846,495.8468311786478,195.88030130886972,1
South,Sunny,3G,43.22524343002837,111.18881620298399,489.57538383068766,193.70732401074454,1
Central,Sunny,5G,41.918064149495784,89.34465310103056,496.29499902492347,207.37712880053743,1
South,Sunny,4G,45.3072659524522,106.4450627527381,501.3829811679991,205.21214578359354,1
Central,Sunny,3G,40.7647460823127,112.06480155415055,499.9799034497304,178.6976640421308,1
West,Sunny,4G,69.91252601643521,106.71886574951556,525.7107015662954,197.35415753111414,1
North,Cloudy,4G,48.80127452577126,102.47832976874024,510.2449894886549,195.3082580053799,1
West,Snowy,5G,38.57869350568653,94.80607013585625,492.03060739542974,203.79838202395175,1
West,Snowy,4G,51.874198805234364,104.43273298006406,507.36078816342274,187.93596749281954,1
Central,Sunny,3G,55.389779757010984,101.4378800992553,495.3039534351815,208.4848932763779,1
North,Snowy,4G,37.8752297535209,99.33117461542862,492.05783001385566,204.4960824770996,1
North,Cloudy,3G,53.03780309490506,106.35381358822269,496.16538954242344,200.98818038928823,1
West,Snowy,5G,57.978026730494165,95.33450068265944,505.19863439799815,226.9237858764697,1
North,Sunny,5G,60.53057433015379,91.14900291832859,496.08520049911806,200.00221516397,0
East,Snowy,4G,58.034458123655824,108.57473498001235,498.29699034489374,205.50826582176123,1
Northeast,Snowy,4G,51.06178767822212,89.2016084621148,497.6487366745089,187.9540635208867,0
West,Sunny,4G,44.207447671571536,109.69023373618788,509.3374029253734,191.66497960282462,1
North,Snowy,3G,76.2508633962166,93.61138472055627,490.8265073380788,199.44155099177226,0
South,Rainy,5G,55.879297427343914,99.69420980496533,507.8416644421756,189.26560880892512,1
South,Cloudy,5G,66.3894082734419,115.94734007316916,510.7418539217897,192.25753886442976,1
Northeast,Cloudy,5G,42.70545303890261,85.12766132253756,495.74138413598405,185.68803777421374,1
North,Sunny,3G,40.5658448499162,103.64067028568415,488.2902812127839,201.89405900779562,1
North,Sunny,4G,74.3776958805973,98.20200554848468,484.5154254323173,213.417494837516,1
East,Cloudy,5G,47.17981069236964,114.92017869361055,502.46015964176036,192.42641513469832,1
West,Rainy,4G,50.279514552444596,115.31899916544545,493.97328115441337,193.94175521182407,1
South,Cloudy,5G,60.63374849570931,114.20521343288648,507.04605819709076,190.53622012642182,1
Central,Sunny,4G,67.02055154015926,103.11215897951489,498.2233674397494,196.91530666790095,1
East,Rainy,3G,46.71465091537268,89.44909491675116,505.63863168924354,182.70497600367352,1
Northeast,Snowy,3G,51.111721602895365,107.57393468977389,504.6246530580265,182.58609393673473,1
North,Cloudy,5G,26.156433246437118,121.05834825348488,512.9302327821471,204.58891396361898,1
Northeast,Rainy,3G,37.064413608327015,91.98212847290999,496.73546110949314,209.81780946955803,1
East,Rainy,3G,57.06817429313734,92.79585143196162,510.00662705158345,208.13316072601742,1
North,Snowy,4G,49.60261095193825,97.60876305497041,517.5841785737913,199.30697970628887,1
North,Snowy,3G,49.72710060360299,108.80714388006484,504.1697207405046,200.53321668428805,1
North,Snowy,4G,27.92436274709734,86.54168215457578,509.23122267770884,205.634519323955,1
West,Cloudy,3G,48.30550762516632,104.09450521925623,501.86013378199095,195.65988187432993,1
East,Rainy,3G,40.71020045677375,98.26678845749453,490.7243564713754,186.05825648253085,1
Northeast,Cloudy,5G,50.85840396726503,97.45943801821149,502.5543384457205,194.5297574899034,1
South,Rainy,5G,37.58681001572251,103.96630004599355,504.0405861745942,178.5595987432533,1
Central,Snowy,4G,65.82593965481593,113.1986067066548,491.98294957351027,206.89003144041408,1
North,Rainy,5G,54.41421499490926,103.85432571741262,491.5720339775814,199.94608500273134,1
East,Rainy,3G,54.104758438944565,100.54679408481762,493.0551712413778,196.71031666002557,1
Central,Rainy,3G,57.46100986869324,100.86425418786192,508.5693930371811,212.96083449079435,1
North,Cloudy,4G,60.47942061752143,101.42092245620346,492.2106035918376,191.67508821769368,1
East,Cloudy,4G,51.1391962810077,118.73020623575457,501.61564505941857,184.8686122485819,1
Central,Sunny,3G,34.8386417989678,87.13665853317052,506.92119505088493,209.3374620883799,1
Northeast,Sunny,4G,51.797184530984495,114.12447401591422,497.9109146779136,186.9479190219469,1
North,Sunny,4G,43.030602549194285,112.90376751258226,494.3179463060359,205.79016107794436,1
North,Snowy,4G,75.43667895301527,93.30524374910857,518.5188189193387,203.9785200776932,1
North,Sunny,5G,55.45121747588932,97.37443766432574,491.72651000359645,198.32442660598775,0
North,Rainy,4G,42.50188592833541,106.37848106515982,498.7389603068029,194.2862841304709,1
North,Cloudy,4G,54.9179633158808,103.76321777031183,499.3763066056335,186.5104826569424,1
South,Sunny,5G,65.05818287639656,108.007480213233,477.0163296203732,223.53092448910976,1
West,Cloudy,3G,47.284755245086174,89.96887983960022,488.9769052575871,202.34915247519442,1
Northeast,Snowy,3G,51.44594503296484,81.9341202753111,502.55829648434394,198.34280571326576,1
South,Sunny,3G,53.611447703468684,100.10171901722721,486.56128394440725,195.21013952924383,0
Central,Snowy,4G,44.097245166402175,100.31781568161591,502.10546763441147,199.5942812718985,1
North,Sunny,3G,58.186306617798984,97.83244983513828,504.6044050757974,202.16972790036874,1
South,Rainy,3G,39.24735411773665,97.53249337901124,521.0243667698184,181.61387223504303,1
West,Sunny,4G,52.090692301178656,100.69702314731822,487.09648915255656,178.82991947793653,1
West,Rainy,3G,60.967534267999405,96.36288950912453,508.36221078875,189.29648548660214,1
Northeast,Rainy,3G,44.974005393937674,97.2156711736115,500.0173435674245,197.39499410593666,1
South,Sunny,4G,63.626738623670576,112.71071649674262,496.63102012037734,196.69151871426178,1
North,Rainy,3G,42.38311793766402,112.40879572046903,501.11183143357243,206.6678534467242,1
North,Rainy,4G,32.95302986503729,115.29366808348145,492.070525026684,222.33193846651187,1
West,Rainy,3G,47.44118642329468,91.00888901572773,489.37223172533834,172.25779824015186,1
Central,Sunny,5G,45.94375008787934,96.20153071088092,503.11467563261056,201.14543674443354,1
South,Cloudy,5G,80.87155150198406,95.92522828585138,517.5969719233431,192.306654159087,1
Northeast,Sunny,5G,38.19217937349661,94.90269844814867,485.9300042203692,193.11564556055745,1
North,Snowy,5G,48.1387765224783,103.85660000469238,496.813725961074,219.31111068862538,1
East,Rainy,4G,57.954382526692875,99.18328969148016,496.05672700764825,196.01078970783354,0
South,Rainy,3G,46.396253534196,94.85847483479256,526.3144040542652,195.80922094056353,1
South,Sunny,5G,69.48670957721485,84.538378803891,483.46417884375165,174.62402124318672,0
Northeast,Sunny,5G,60.03498453552865,89.23536919467197,494.8591694728614,189.41474313542886,0
South,Sunny,4G,53.001555849957256,79.4965167843755,507.75314210519645,206.86247973331942,1
North,Rainy,4G,42.02857275593433,104.88494672453243,497.10772321846287,200.2846593921229,1
West,Rainy,4G,56.50190380730754,103.53127237997877,513.7890169984647,198.97175869520055,1
West,Rainy,4G,60.49654177860345,109.80093535070105,487.76803098278856,204.68243298071533,1
South,Rainy,4G,44.476783264226555,103.27861140750775,495.6932669982289,181.78079450679277,1
West,Snowy,3G,74.84467368641432,106.29914862046294,493.20695230634266,210.01316245209955,1
North,Cloudy,5G,55.17543775812271,118.4290304830465,481.3265543130049,206.9675914301916,1
Central,Sunny,3G,42.9700253973016,79.60568501680068,491.7572882268299,190.38502001628598,1
North,Sunny,4G,60.59480530173339,91.40972461131291,519.2933078668894,199.38381955207728,1
South,Cloudy,4G,20.98476317306421,100.78927819072221,505.8978147553434,212.94185349662288,1
South,Sunny,4G,63.26968531056676,91.23007405489449,476.55029616918137,195.21461699577046,0
Northeast,Cloudy,3G,47.327438855769735,116.93550790715355,497.63567819920416,193.30617465346447,1
Central,Cloudy,3G,51.3808715313363,110.51979954209332,501.986961843814,208.36301800671723,1
Central,Rainy,5G,35.49026737558912,104.85464524646741,490.63850710729093,196.17509841087156,1
South,Cloudy,5G,42.383540938619646,98.67756945876617,500.67405886837804,186.18615125447752,1
South,Rainy,4G,69.64695047968908,108.30507957660087,501.26000519044067,197.49789727235859,1
North,Sunny,5G,48.76271663732827,118.96412405772782,490.00800294498976,191.42178971821377,1
Central,Sunny,3G,68.42479044567212,104.9677557376691,501.47351273143244,201.5204933102298,1
West,Snowy,4G,54.87359803190384,83.39517332306175,497.9731559816289,186.61470329223832,0
East,Cloudy,5G,57.05365210228451,107.80815427814137,492.79732281589463,204.756960322126,1
Central,Cloudy,4G,51.125157115881144,97.76840365819109,512.1727508989056,195.56946600242003,1
North,Snowy,4G,38.59220591314109,101.35402482483612,492.78583650254114,205.46128353193552,1
Northeast,Rainy,4G,51.2575117253542,85.65534658150312,513.4349020818406,203.2516913005195,1
West,Cloudy,5G,46.22349138665443,101.94202862156246,509.60702140719195,191.17004776499118,1
Northeast,Sunny,5G,59.53024147145236,94.59746996664232,495.15773118518047,205.7115803681679,1
East,Cloudy,4G,54.29331021819902,100.95156522682464,508.2760197632605,205.34806906150524,1
Central,Snowy,3G,33.407553816108496,113.42874212949411,494.72261775971873,201.9628916781476,1
North,Sunny,3G,43.29163963266505,89.92399305339968,511.59234150284203,196.6056034820219,1
East,Sunny,3G,75.23799790617032,85.27013612258244,508.08110561756064,211.18429932931403,1
West,Cloudy,3G,30.34899425646411,107.49043944526039,494.7694275996141,203.38543025740518,1
Central,Sunny,3G,44.19222211496029,91.98541029270271,476.6665215815284,190.21840655474438,1
Central,Sunny,3G,55.53272688950949,99.57798605687957,491.1064800692079,191.14509113412151,0
West,Snowy,4G,58.85458958900338,103.1940123359558,500.70890652822067,193.5700760988104,1
East,Snowy,3G,51.73341423713554,108.74176917238323,490.03584016833685,184.331915755416,1
South,Rainy,3G,72.5288688221975,87.48586127515773,487.5280439570657,195.93083015999719,0
West,Rainy,3G,49.81683140557149,104.63666571680882,480.71269977250154,202.75377487805432,1
South,Snowy,5G,56.21218546939048,97.35357313699275,493.0568118956117,187.2083858464567,0
West,Snowy,3G,48.90062284629816,87.82076373234888,488.03253190074975,223.9155482099146,1
West,Cloudy,5G,57.46187407314403,100.02685340754779,487.14317581753323,210.54731334981795,1
Central,Rainy,4G,42.61369187973931,107.42152804376457,518.7557146003434,181.549919935665,1
Central,Rainy,5G,57.427499617869245,85.67060879314486,499.52889884368966,184.25702651444448,0
North,Snowy,5G,42.84083149241467,102.9298820833498,501.4155077907934,197.12395265819197,1
Central,Sunny,5G,43.43089399502526,84.64209731424982,497.7489980024123,211.55529589282355,1
West,Cloudy,3G,41.38079621984177,82.48630043432144,499.1142096918033,190.37801050678337,1
Northeast,Rainy,4G,37.555416001621666,114.78723609467892,493.2388926474387,214.49156603396452,1
Central,Snowy,4G,38.39129540278486,100.76953990225545,511.1618806443385,213.69685162360284,1
Central,Rainy,4G,47.666327112364655,94.96443374182627,507.5651809854103,191.21719187670985,1
East,Rainy,5G,45.29591107468579,110.60395905233882,504.8195778724768,189.20803055105705,1
South,Cloudy,3G,46.63926013849964,97.29823279256026,502.0154400179942,182.4650864258062,1
North,Cloudy,3G,42.90649712063933,100.74279244082848,508.9453021738852,195.76164578100622,1
Northeast,Snowy,5G,53.438448231242994,110.97624964861164,518.8999489732051,185.7332410477966,1
Central,Snowy,4G,55.55379347633219,118.1963935206119,492.6028318249744,208.63218979017424,1
Northeast,Sunny,5G,58.53713045682828,103.30810925259757,476.2212446522313,190.8188482756548,1
West,Cloudy,3G,46.435283626316696,102.19784323424462,502.197967349981,198.34001629379438,1
West,Sunny,3G,28.352857496895894,96.03255021005626,508.75876461998786,210.30587740984288,1
South,Snowy,3G,57.88548618317301,85.31663438465905,501.41440512923356,197.5865722759699,1
West,Sunny,4G,54.63443072360819,106.83672421416917,489.536395348718,203.5481337466012,1
Central,Sunny,5G,39.70365317672124,88.72902548153041,496.5408369940001,207.94096374959443,1
Central,Rainy,3G,37.7351791019151,90.31891711670882,516.6530904606009,188.35202984919766,1
North,Cloudy,5G,63.97079500733316,101.3141934404135,516.715829507444,208.66417585454553,1
East,Sunny,3G,62.076654497562465,105.28392811867721,505.8952504617668,198.28761043544952,1
West,Rainy,4G,56.29594136393975,95.85510274127431,492.2088202963732,196.60496358530114,0
East,Sunny,4G,44.471649653788205,89.78559377341408,508.5573643117522,182.16778518716202,1
North,Cloudy,3G,72.88947489713206,102.80391971113315,496.1287957365244,187.16504864325844,1
Central,Snowy,5G,53.924651411265884,84.32292206174229,483.8798109932747,195.99520507193162,0
Central,Rainy,3G,56.35729536157309,88.94743578849435,493.9834759781856,199.64822583496442,0
Northeast,Snowy,3G,59.55275476237449,114.07258975064946,493.850964712284,201.77173232220105,1
Northeast,Cloudy,5G,52.0991208964187,106.70100040125152,491.6067959822054,206.49823052072824,1
Northeast,Cloudy,5G,40.129182297119776,96.32771009669504,482.45914437330646,200.92872401823513,1
East,Snowy,4G,47.315317297083546,98.53963394258201,502.49634475788986,201.82515996581355,1
South,Cloudy,4G,35.14977841719102,90.72066040062279,494.12860668008335,181.30834238999066,1
North,Cloudy,4G,66.34134993488868,88.96362128750602,506.4623413115772,198.28229149396597,1
East,Rainy,3G,61.117185675241885,94.00171123457102,504.1144832758859,183.26547658882285,1
East,Cloudy,4G,43.02266216698386,103.05872055096029,494.9577903607784,211.86647475561492,1
Northeast,Sunny,4G,22.40402600727116,96.44509388794054,482.606123888442,200.21692055526285,1
South,Cloudy,3G,64.86747135799774,81.63825535567503,489.048939480644,186.22542592974628,0
North,Sunny,4G,74.2240553878994,88.67717244522719,494.56407076276344,183.7009054050105,0
Northeast,Rainy,3G,53.02333741763334,104.65584016541032,501.3813170640272,193.0729836337162,1
East,Rainy,3G,46.79225167093721,103.82862291621448,500.52318547822483,209.84231442461947,1
Central,Sunny,4G,42.313136859299576,83.34715332867547,510.8223791152637,208.58977026043308,1
Northeast,Rainy,5G,39.51475886794807,113.89964068604202,499.6955966849723,207.21580895117654,1
West,Sunny,5G,63.74533454691304,98.57814501011777,502.7256911720361,179.28120475596796,1
North,Cloudy,4G,63.07578810759983,101.71461841226598,516.6201039627203,210.19949483466368,1
West,Snowy,4G,67.29891154519835,114.87727035658267,495.37742719919146,205.72918484129045,1
North,Sunny,5G,50.82329886717087,97.5830154858351,514.9769851604146,206.44291526261253,1
Northeast,Cloudy,4G,55.51319724761042,92.5131979849486,493.72017413517364,199.59157032483918,0
North,Sunny,4G,55.391321031828056,106.37896738166829,510.3619149439191,199.74712778136043,1
North,Snowy,4G,46.539155828275916,89.26464714924694,507.85125220675627,191.87548549759114,1
Northeast,Cloudy,5G,41.04001193185498,105.33225561555642,500.87153940382177,207.34632854727337,1
Central,Sunny,5G,56.59031348872403,76.62245166564847,497.68173830757524,206.56694259664428,1
East,Sunny,5G,59.750510953034684,102.66192248187271,495.82707893187995,204.61267943409356,1
Central,Sunny,5G,29.938697968976054,95.10760767000906,510.4904960685434,208.804663610449,1
Northeast,Rainy,4G,47.53690244633193,96.56117805187337,497.67181917779084,212.5947971230569,1
East,Snowy,3G,44.1658764413187,97.33096445838734,493.1116760567541,200.9779831340271,1
Central,Cloudy,3G,46.38354722314343,91.19779809177673,503.6178576226174,189.9383308758487,1
Central,Snowy,3G,48.145705323469265,95.07929929051355,494.3190711042326,208.66946165910588,1
East,Rainy,5G,45.150329625010286,100.16549398909113,503.50011197935174,205.54307310957608,1
North,Rainy,3G,60.85593676408172,111.73032533825707,519.2116762056904,205.98848007436607,1
South,Sunny,5G,58.26994389117318,115.94855348698208,498.22061825008063,205.33703200968637,1
West,Snowy,5G,46.936465392286905,114.89749607320582,496.85309106301617,190.9739601313951,1
Northeast,Snowy,3G,54.797874429841755,87.7601793325683,497.1182785384513,201.05339044829395,1
South,Rainy,5G,79.23355617319088,103.49797727253622,481.99299682223165,193.51472186761603,1
Central,Rainy,3G,56.72886216317451,98.56041606211988,487.6463697332755,194.53902024382955,0
North,Rainy,4G,56.619955670633054,97.65340662453437,495.2540103139622,179.96626251108884,0
North,Cloudy,4G,55.23771109832894,118.36674630859405,495.579931680396,218.85382316014633,1
Northeast,Cloudy,3G,55.46695323765876,83.15299306014174,496.49115226371003,171.15845564237665,0
East,Sunny,3G,40.13361015360434,95.51283431334902,517.0982818607699,203.82719793057052,1
Central,Snowy,3G,61.494234360012726,82.78027035867281,489.5585897764215,182.9026292590107,0
Northeast,Snowy,3G,52.172143096473434,86.86384853920933,521.1234588829029,210.61924785488083,1
North,Snowy,5G,54.33120534677194,97.87191738518395,489.5954503438607,219.11662406281033,1
Central,Cloudy,4G,49.97398332390981,95.20575258284069,504.90828500618096,189.0235535042053,1
East,Sunny,4G,58.8499338608111,115.50249672772166,512.9021381199425,217.31924682322398,1
South,Cloudy,3G,53.04661828698082,110.35847304867619,510.18812079700945,186.4326193274381,1
North,Sunny,4G,49.359296998715024,109.25398090796725,516.6299893699411,198.94209612148288,1
Central,Snowy,4G,57.42082969869335,107.27080020450954,505.3883122279206,202.35279989907826,1
North,Sunny,5G,61.232393248238196,88.71377002987305,496.69119865616705,216.20840176903155,1
North,Sunny,5G,70.91284902424584,100.01461834191483,504.8105329112548,195.11241622620562,1
Northeast,Cloudy,4G,41.350493483691736,112.81659216783899,503.86154688159814,191.06385498343946,1
Northeast,Sunny,3G,45.04141589263187,81.54420364675838,507.9443790799886,203.79892036803483,1
North,Rainy,3G,72.70865281035546,117.09386066557703,508.3876214390923,181.5136430836948,1
East,Cloudy,4G,61.60221903585239,92.49194694912259,491.6636385509155,198.319325227857,0
North,Rainy,4G,60.110764575510785,94.78514354644233,498.07782399697345,181.55423768889412,0
Central,Rainy,4G,54.49609030071829,89.55425780143284,494.55636418490906,191.8428888937304,0
East,Snowy,3G,46.35450853464977,107.167987979895,503.1120131395882,208.9841867162715,1
North,Sunny,4G,51.8158684594879,103.33679059945398,502.33092652514785,201.32347699508747,1
South,Sunny,4G,44.12502185028257,109.90708253703517,501.386458947118,199.7910372339526,1
South,Rainy,3G,43.107709297831434,106.55603912873426,525.0379622726878,200.60257677332476,1
South,Sunny,3G,45.036952690447166,90.64833170156714,485.0218654345957,184.63361099050397,1
West,Sunny,5G,57.4656009568107,102.66912076489395,501.68928991370854,205.70694816035544,1
South,Snowy,5G,67.25907770352374,97.43449019447127,503.0102360416356,192.88340422608854,1
West,Sunny,4G,47.2555997289098,99.2575333401564,510.8373529805401,198.54760659272205,1
West,Rainy,5G,48.939380909619615,93.23695795283373,493.8354765469895,186.16507627465708,1
South,Rainy,4G,52.30933440829995,97.77795337077099,507.35524254125096,194.7022352915717,1
Northeast,Sunny,4G,42.821766139482776,107.0453479910251,503.4766524640743,201.58831939728893,1
North,Cloudy,3G,24.82566897602471,88.54341428834645,493.66522007563077,199.34502919160275,1
Northeast,Sunny,3G,59.94981668792354,97.38905901537424,500.85122057297815,184.45924002030412,1
Central,Sunny,4G,28.56632675862641,101.35632008775953,487.25008549384467,209.93039882880504,1
North,Cloudy,4G,35.92876004940372,98.83609337139224,501.14528795786583,198.94212124407883,1
East,Sunny,4G,48.62645826093856,104.10561615226943,520.2292328888607,190.6822532900683,1
Northeast,Snowy,3G,46.840412735543495,84.61244475724747,494.4384807170667,201.23903880030016,1
Central,Rainy,5G,51.420154122552326,98.28649007196381,505.7034212680636,183.86540591862368,1
West,Cloudy,5G,41.41161227046906,95.07250447220048,505.30566604537734,199.7697754156459,1
West,Rainy,5G,46.35532737479771,89.9348670729042,514.470354599212,193.01212381472544,1
North,Sunny,3G,41.76640795421577,102.7359381633945,503.9407171011346,209.15019924919955,1
West,Cloudy,3G,37.49753501879681,94.1958315278197,499.64846773068183,200.93029619593423,1
South,Rainy,4G,51.720156990158536,89.42942832284224,509.09196351699524,199.7003493351126,1
North,Snowy,5G,37.74066635015797,99.03972594680647,512.686210246032,195.5667922972381,1
West,Snowy,5G,46.771755362533916,99.81495396770337,492.83291171082976,212.28137599286538,1
South,Cloudy,5G,58.181871361059066,104.36335188415508,494.92276886696857,205.21845109612116,1
South,Snowy,3G,67.45016429987788,97.38534362680797,498.2114487849169,212.12999364250197,1
South,Rainy,4G,58.23228878346823,122.2601888576669,505.1505462635233,190.13244810828763,1
East,Rainy,3G,52.63894430454019,88.50845115760202,491.8549578923839,201.53930193099006,1
Central,Snowy,4G,60.696082621579805,98.83676960723741,481.73339982990774,183.28143386863695,0
South,Sunny,4G,53.8817025766799,97.30159459328183,489.5017446648187,201.47002049285098,1
East,Rainy,3G,58.570919969870225,100.06510436800896,491.6037972674495,182.97518198293412,0
South,Rainy,3G,53.6354594068736,84.72429506190673,501.30893487943797,203.25339295974993,1
Northeast,Cloudy,4G,50.05852336725376,105.50986657571313,507.161106980811,204.96615382967357,1
South,Cloudy,5G,55.835884699732716,110.40618606009758,473.64032132410875,220.04228774270408,1
West,Cloudy,3G,54.018258540340014,67.60562275059931,501.1785865224755,179.89306090417932,1
East,Snowy,3G,52.822076428899344,105.89609546692027,502.8304482013648,184.29187966860843,1
East,Rainy,4G,48.72868558348002,106.65583966944193,502.30438887710505,211.67931662953907,1
Central,Sunny,4G,52.93262103246797,97.48121692103273,515.3316411668543,199.2760237597238,1
West,Rainy,5G,68.1334120524555,110.57192998984915,505.9204023670063,208.318276221453,1
East,Snowy,5G,43.95508391219951,101.23106084587609,511.0501843885161,183.97092438201602,1
South,Rainy,5G,44.9911855869792,97.38953808119848,511.3961294057344,200.60144677283017,1
East,Rainy,4G,41.96022926359264,88.85216095283485,516.7099171528861,214.68324133355958,1
South,Snowy,4G,51.91660891734783,91.9903240310402,497.95378712073654,200.6951562370045,1
North,Sunny,4G,58.79176301434426,103.73768428093494,505.89177834201377,188.11851618954188,1
South,Snowy,3G,39.20309297497653,99.61859311975682,506.05458416820534,210.18453459263975,1
Central,Snowy,3G,41.6974481096281,102.81221551476459,502.23873810266593,201.9426140967926,1
South,Sunny,3G,65.82496363580202,101.7777892292988,506.9552334896526,202.83171005336365,1
South,Snowy,5G,54.914750636819406,101.95509150157457,495.12448117955523,199.91345346079495,1
East,Snowy,5G,53.491725403118565,92.68457430380343,495.5100103087611,192.71176900907054,0
Northeast,Snowy,5G,49.802146847850345,103.6431952062795,515.7994010794345,197.6797548958336,1
Northeast,Cloudy,3G,59.83152210919859,105.4360792748013,500.4541117311764,212.204495221749,1
East,Rainy,3G,55.69359446172438,108.3422840659955,494.147740042165,202.89824316550474,1
East,Cloudy,5G,46.981154948094485,70.71048635298902,504.0319121076052,184.67493726069682,1
Northeast,Sunny,3G,44.9516943515505,107.29911492882874,503.860033149598,204.5232323296498,1
West,Rainy,3G,63.00737305888016,96.98218612950248,511.93038584594706,210.43061377294813,1
East,Cloudy,4G,39.28745850307274,79.38674544058858,494.6327688991697,207.22720979453152,1
West,Rainy,4G,46.975331617926486,103.7928087182265,507.8012600587382,197.1227702605395,1
West,Sunny,5G,61.263668609956056,100.98462817074203,507.4331212954292,190.1914156357571,1
North,Cloudy,4G,38.16985006667875,106.49120140059937,510.0380154833248,210.26142044401965,1
East,Rainy,5G,34.51237077876721,98.84107938638867,507.53624285271985,187.89598303976578,1
West,Sunny,4G,56.055397780804036,86.86138542022623,486.5363008651222,201.7562030822576,1
North,Rainy,4G,53.41728914740435,102.99907438367264,498.01314887051035,203.7763146943291,1
South,Snowy,3G,44.843359661577885,95.99290692516927,497.7682882852658,201.94804915160634,1
West,Sunny,4G,40.74180816852421,89.28143197767521,494.13216970490515,191.09077407955147,1
East,Cloudy,4G,28.343547715958763,109.99329711239754,511.47539213593893,207.06258036910302,1
Central,Cloudy,4G,55.46522630972039,99.44552637886207,478.50686449081866,220.15530261362824,1
East,Rainy,3G,46.219138990166655,94.65686997723826,490.06318989234256,213.21311714652524,1
Central,Rainy,4G,41.444886420217465,103.08260840562492,493.32692332645615,183.34690921322363,1
North,Sunny,4G,44.57531933293804,110.99377388182451,496.2308967559015,199.43854868014796,1
Northeast,Rainy,3G,49.42392036284495,101.43343882595889,483.69318219075683,203.25883463350235,1
Northeast,Rainy,3G,31.943945270932335,93.43315209889889,497.5267226692218,206.5092215804097,1
Northeast,Rainy,3G,43.08382430181099,94.33593257037515,494.3945482392203,198.5840695189631,1
North,Rainy,4G,55.73132052692498,103.6231845873556,503.79602101786253,194.4299890515601,1
East,Rainy,3G,46.4289763019226,96.4593845313291,493.22482928116204,202.54580432643561,1
East,Cloudy,3G,41.55283538243904,103.70002846210366,511.37805822697874,211.8185933810928,1
Central,Sunny,3G,52.31648015483983,109.4284617173273,492.3595421840616,196.8600490369205,1
Central,Snowy,3G,50.94999883497037,115.6461974116075,493.216932674848,189.94354013608051,1
East,Rainy,5G,44.095219314556246,83.90188546303312,513.8432441815424,205.19036078049626,1
Central,Snowy,5G,56.10809833754775,88.70349770399518,498.28028393707325,188.77368554960654,0
West,Sunny,3G,52.63839004248892,96.70560862907877,496.45442971302987,201.5665355660374,1
Northeast,Rainy,5G,54.26495818919689,100.23329508647177,507.65449238432274,200.91835758268346,1
West,Cloudy,3G,35.58867380143397,96.06878810800093,500.14490197319793,195.475194400136,1
West,Sunny,3G,39.36890963350535,96.10465008719666,504.7527147397199,190.22662440781278,1
Northeast,Cloudy,3G,50.655938456831784,94.82246654954733,498.0178610155784,192.6529374407388,1
West,Snowy,3G,38.3455732977998,99.1856121905722,506.7230119758665,191.3069545879246,1
East,Snowy,5G,50.270540406889516,115.13344502139469,487.66227158444445,221.63100942680612,1
South,Sunny,3G,41.088669913985136,95.95395854886857,494.2173341260257,183.93762232525344,1
West,Rainy,4G,44.943436400625586,99.4347011662032,502.51925363309084,189.2352319002287,1
West,Sunny,4G,54.55618619524539,87.06180598195579,518.2995966975421,185.14423929896523,1
Central,Rainy,5G,32.618195276634566,85.68717612361945,513.2084790622071,190.71987032311728,1
North,Snowy,4G,36.924256161089986,103.05062138965167,499.82035711542846,199.16403571641368,1
South,Cloudy,3G,41.0381053768334,109.32290085066279,506.1577884908792,209.69381786948998,1
East,Snowy,3G,47.26303903767616,98.72741980097726,497.0174051268509,207.13128107694516,1
North,Cloudy,5G,59.302561562419505,92.37717492002685,503.236984420149,198.90545401162683,1
West,Cloudy,4G,45.42961664137603,96.98963889879096,491.57502508633297,193.2095681744141,1
East,Sunny,3G,56.28306925471167,115.90503344564839,506.10897673900797,199.321337689269,1
West,Sunny,4G,27.132820517845055,101.78590517392803,516.2259150223291,198.21689888070924,1
Northeast,Rainy,4G,66.99632416644246,97.66567201356105,512.8716779314988,195.06747083476048,1
South,Cloudy,3G,49.25872893569956,83.35107579871053,488.02602287645954,201.42909387638173,1
Northeast,Cloudy,4G,48.192395102044394,114.34132723233584,495.488367799957,209.17489895784894,1
Central,Cloudy,4G,53.016192479535974,104.67826725235957,513.3780645542679,187.42582779420974,1
Northeast,Snowy,5G,41.82574823978838,113.84472438180387,489.65863000943233,170.63837969900842,1
West,Cloudy,3G,36.86334691027684,102.14567403373515,491.5866883819102,206.6752211270234,1
Northeast,Sunny,5G,48.374738718701,80.03723735128584,515.9495345140532,214.5526049371848,1
Central,Snowy,3G,57.60772749670613,100.2780291573994,499.2745767676476,213.02985498716922,1
North,Snowy,3G,50.59552968313616,97.46669668845054,498.17172689396705,192.8434629869676,1
East,Sunny,4G,57.75279396295423,93.64772533470799,484.8154634103291,200.78127503494787,1
West,Snowy,4G,36.23308459361918,103.57421716217618,495.9663232665351,194.36610335038995,1
Central,Snowy,3G,41.661648165601974,78.84158434766773,501.6623413198812,193.14231592154684,1
West,Rainy,4G,54.64980829741082,101.19502521264683,495.52657538942634,199.9771906524087,1
Northeast,Rainy,5G,56.15030193772319,97.62812261587933,518.1801099894703,192.04562052363033,1
West,Sunny,3G,48.20489537258488,111.94922134864996,501.4376948231601,206.45629604509057,1
South,Cloudy,4G,47.80259696597123,102.58521914719623,501.63210255027354,189.4844731377472,1
Central,Cloudy,3G,37.10013824174787,111.24695856796896,482.7938900750366,209.3248385227032,1
Central,Cloudy,5G,50.811002440400216,92.1007397471174,497.38637217673136,189.12318123462327,1
North,Rainy,5G,63.082240778255404,118.22168949395707,499.72172455370725,211.2309736132581,1
South,Rainy,5G,59.80484999520572,91.8464010972738,498.28973253454376,204.22878846753332,1
Northeast,Snowy,4G,33.25555736172304,79.56173705077883,491.1153679764119,213.97035385028994,1
North,Cloudy,3G,41.88786786144452,94.38392964961837,505.3914411795015,194.47000567152588,1
South,Rainy,4G,45.580318027457906,113.90522571601059,506.69871454758663,199.42446079594094,1
Northeast,Snowy,4G,41.75941158460988,90.0723482424818,499.9463252760652,196.84338750998518,1
Central,Cloudy,4G,59.63088998213033,104.10849204432682,491.03884971563417,197.50096939122201,1
South,Snowy,3G,39.40687378882258,90.39203539162423,492.0071428613373,198.24234396074687,1
West,Rainy,4G,45.56381695482946,104.62666136819888,504.50856866488414,198.6876532663068,1
Central,Rainy,5G,34.34328126971783,95.6052145981619,498.49535600176927,201.79628599455003,1
Northeast,Sunny,3G,47.95076208225891,100.40598476156299,486.66348417416185,204.08879000631865,1
Central,Snowy,4G,47.7942753251916,124.96817840356496,508.5781884153479,202.43217622561068,1
North,Snowy,5G,54.06085197016234,108.35479221822892,507.93608687036215,216.380469445366,1
South,Snowy,5G,41.24100422283891,84.2058501050694,486.077238191441,208.6250995712026,1
North,Sunny,3G,44.2091969152057,103.97805451750472,508.5067763747424,222.93211005699322,1
South,Rainy,3G,60.999049509178825,94.90141462235717,505.0856587735832,186.74812695843002,1
North,Snowy,4G,51.44093047607478,98.29773108408256,510.82683516983684,205.3888105602566,1
Central,Cloudy,5G,42.76912270364137,93.88730600805182,498.18363535702923,209.8203291623981,1
South,Sunny,4G,67.72791176436716,89.32555654453448,505.37517383020116,209.03685641792953,1
